time,npos,epos,h,alpha,beta,phi,theta,psi,p,q,r,TAS,ail,ele,rud,thrust,ail_cmd,ele_cmd,rud_cmd,thrust_cmd,vn,ve,vh,mu,chi,nx,ny,nz,nx_ref,ny_ref,nz_ref,Fx,Fy,Fz,Mx,My,Mz,lon,lat,lef,lef_cmd,Cz,delta_Cz_lef,Czq,delta_Czq_lef,Cm,delta_Cm_lef,Cmq,delta_Cmq_lef,delta_Cm,delta_Cm_ds,d0,d1,d2,d3,d4,d5,d6,d7,d8,d9
0.000000,0.000000,0.000000,5000.000000,2.613221,0.000000,0.000000,2.613221,0.000000,0.000000,0.000000,0.000000,200.000000,0.000373,3.949394,0.000000,3174.726745,0.000373,3.949394,0.000000,3174.726745,200.000000,0.000000,0.000000,0.000000,0.000000,-0.065537,0.000001,-1.203789,-0.111131,0.000001,-0.204829,-9150.944049,0.120948,-109771.416190,-2.888003,-70121.219151,-0.506985,122.425000,31.425000,0.000000,0.000000,-0.245912,-0.067683,-30.022644,-0.393024,-0.096523,0.035138,-5.464321,0.260453,0.019000,0.000000,1.00,1.00,1.00,1.00,1.00,1.00,1.00,1.00,1.00,1.00
0.100000,20.000000,0.000000,5000.000000,2.557140,0.000000,0.000000,2.613221,0.000000,-0.001291,-5.309183,-0.000054,199.881933,-0.000038,3.826260,-0.000049,3173.449178,-0.000038,3.826260,-0.000049,3173.449178,199.881837,0.000001,0.195642,0.056080,0.000000,-0.068479,-0.000001,-1.090436,-0.114072,-0.000001,-0.091476,-9417.916877,-0.064211,-99434.951613,0.916335,-61818.321607,-19.808857,122.425000,31.425180,0.000000,0.000000,-0.240615,-0.067840,-30.011428,-0.371713,-0.095286,0.035095,-5.464657,0.260229,0.019000,0.000000,1.00,1.00,1.00,1.00,1.00,1.00,1.00,1.00,1.00,1.00
0.200000,39.988184,0.000000,5000.019564,2.001955,-0.000000,-0.000129,2.082306,-0.000005,-0.001020,-9.989717,-0.001385,199.766136,0.000078,2.631379,-0.001247,3172.875224,0.000078,2.631379,-0.001247,3172.875224,199.770227,-0.000002,0.280154,0.080352,-0.000000,-0.072280,-0.000015,-0.816523,-0.108615,-0.000017,0.182817,-9763.969105,-1.347849,-74457.275664,-2.077585,-39267.517240,-31.080392,122.425000,31.425360,0.000000,0.000000,-0.188935,-0.069395,-29.900391,-0.160743,-0.083437,0.034662,-5.467988,0.258008,0.019000,0.000000,1.00,1.00,1.00,1.00,1.00,1.00,1.00,1.00,1.00,1.00
0.300000,59.965206,-0.000000,5000.047580,1.055464,0.000130,-0.000235,1.083355,-0.000140,-0.002180,-12.962832,-0.003498,199.665914,-0.000540,1.169163,-0.003278,3172.941970,-0.000540,1.169163,-0.003278,3172.941970,199.683637,-0.000021,0.097204,0.027894,-0.000006,-0.080513,-0.000050,-0.467778,-0.099420,-0.000054,0.532043,-10514.827265,-4.567024,-42655.899526,-0.660896,-15341.211160,-28.889164,122.425000,31.425540,0.000000,0.000000,-0.108439,-0.072044,-29.711093,0.198924,-0.069758,0.033923,-5.473667,0.254222,0.019000,0.000000,1.00,1.00,1.00,1.00,1.00,1.00,1.00,1.00,1.00,1.00
0.400000,79.933570,-0.000002,5000.057300,-0.090531,0.000460,-0.000456,-0.212896,-0.000482,-0.002734,-14.124382,-0.005479,199.578013,-0.001124,-0.244171,-0.005392,3173.364324,-0.001124,-0.244171,-0.005392,3173.364324,199.613742,-0.000078,-0.426311,-0.122387,-0.000022,-0.094138,-0.000100,-0.109020,-0.090422,-0.000108,0.890973,-11757.604452,-9.118843,-9941.315253,-0.631743,4954.791769,-17.126458,122.425000,31.425720,0.000000,0.000000,-0.017187,-0.074348,-29.500000,0.656129,-0.057564,0.033147,-5.442701,0.297619,0.019000,0.000000,1.00,1.00,1.00,1.00,1.00,1.00,1.00,1.00,1.00,1.00
0.500000,99.894944,-0.000010,5000.014669,-1.252033,0.000979,-0.000720,-1.625314,-0.001016,-0.003237,-13.749233,-0.006685,199.487929,-0.001840,-1.442609,-0.006995,3173.758929,-0.001840,-1.442609,-0.006995,3173.758929,199.535706,-0.000184,-1.299987,-0.373378,-0.000053,-0.100883,-0.000157,0.231467,-0.072520,-0.000170,1.231065,-12373.089201,-14.355168,21107.071040,0.934285,17805.478956,-0.103249,122.425000,31.425900,0.000000,0.000000,0.065242,-0.065985,-29.500000,1.376261,-0.049378,0.033752,-4.964162,0.908570,0.019000,0.000000,1.00,1.00,1.00,1.00,1.00,1.00,1.00,1.00,1.00,1.00
0.600000,119.848515,-0.000028,4999.884670,-2.280551,0.001607,-0.001018,-3.000243,-0.001664,-0.002942,-12.401103,-0.006747,199.390418,-0.002285,-2.461759,-0.007679,3173.886111,-0.002285,-2.461759,-0.007679,3173.886111,199.434583,-0.000340,-2.505226,-0.719908,-0.000098,-0.105935,-0.000210,0.510262,-0.053595,-0.000228,1.508891,-12833.901700,-19.159015,46529.898153,1.714236,26734.285433,16.360030,122.425000,31.426080,0.000000,0.000000,0.136969,-0.058579,-29.500000,2.013942,-0.043489,0.034287,-4.540413,1.449570,0.019000,0.000000,1.00,1.00,1.00,1.00,1.00,1.00,1.00,1.00,1.00,1.00
0.700000,139.791973,-0.000062,4999.634148,-3.096166,0.002229,-0.001271,-4.240379,-0.002315,-0.002176,-10.376934,-0.005689,199.278985,-0.002459,-3.190950,-0.007349,3173.557828,-0.002459,-3.190950,-0.007349,3173.557828,199.298496,-0.000536,-3.980577,-1.144553,-0.000154,-0.109094,-0.000249,0.709926,-0.035153,-0.000271,1.707188,-13121.666779,-22.698609,64736.890557,2.285052,31800.797316,29.324525,122.425000,31.426259,0.000000,0.000000,0.192646,-0.052706,-29.500000,2.519623,-0.040150,0.034712,-4.204380,1.878583,0.019000,0.000000,1.00,1.00,1.00,1.00,1.00,1.00,1.00,1.00,1.00,1.00
0.800000,159.721823,-0.000116,4999.236090,-3.653497,0.002734,-0.001443,-5.278106,-0.002861,-0.001032,-7.969157,-0.003738,199.154099,-0.002311,-3.608016,-0.006098,3172.709726,-0.002311,-3.608016,-0.006098,3172.709726,199.125887,-0.000759,-5.647683,-1.625032,-0.000218,-0.110607,-0.000267,0.824986,-0.018617,-0.000292,1.820746,-13258.772641,-24.377868,75229.026590,2.086858,33708.607127,36.882821,122.425000,31.426439,0.000000,0.000000,0.229814,-0.048693,-29.500000,2.865168,-0.038864,0.035003,-3.974759,2.171740,0.019000,0.000000,1.00,1.00,1.00,1.00,1.00,1.00,1.00,1.00,1.00,1.00
0.900000,179.634411,-0.000192,4998.671322,-3.937850,0.003033,-0.001511,-6.075050,-0.003216,0.000115,-5.416931,-0.001261,199.022063,-0.001948,-3.718757,-0.004168,3171.385073,-0.001948,-3.718757,-0.004168,3171.385073,198.924313,-0.000990,-7.423554,-2.137637,-0.000285,-0.110659,-0.000263,0.857439,-0.004828,-0.000289,1.851824,-13262.160050,-23.976131,78188.411660,1.598716,32919.144515,38.686915,122.425000,31.426618,0.000000,0.000000,0.247958,-0.046646,-29.500000,3.041467,-0.039164,0.035151,-3.857606,2.321309,0.019000,0.000000,1.00,1.00,1.00,1.00,1.00,1.00,1.00,1.00,1.00,1.00
1.000000,199.526843,-0.000291,4997.928966,-3.957828,0.003078,-0.001488,-6.616761,-0.003329,0.001086,-2.924479,0.001346,198.892589,-0.001457,-3.548284,-0.001867,3169.699178,-0.001457,-3.548284,-0.001867,3169.699178,198.707285,-0.001215,-9.228062,-2.659319,-0.000350,-0.109360,-0.000237,0.814578,0.005867,-0.000262,1.807917,-13142.087339,-21.584297,74279.910662,0.947189,29667.863328,35.286553,122.425000,31.426797,0.000000,0.000000,0.247927,-0.046502,-29.500000,3.053853,-0.040725,0.035162,-3.849375,2.331818,0.019000,0.000000,1.00,1.00,1.00,1.00,1.00,1.00,1.00,1.00,1.00,1.00
1.100000,219.397571,-0.000412,4997.006160,-3.740421,0.002864,-0.001396,-6.909217,-0.003186,0.001758,-0.678196,0.003724,198.775922,-0.000929,-3.140057,0.000487,3167.804628,-0.000929,-3.140057,0.000487,3167.804628,198.490567,-0.001416,-10.988912,-3.169093,-0.000409,-0.106819,-0.000192,0.707934,0.013477,-0.000217,1.700672,-12908.452522,-17.547591,64555.282728,0.443435,24137.379868,27.793917,122.425000,31.426976,0.000000,0.000000,0.231648,-0.048067,-29.500000,2.919061,-0.043331,0.035048,-3.938947,2.217461,0.019000,0.000000,1.00,1.00,1.00,1.00,1.00,1.00,1.00,1.00,1.00,1.00
1.200000,239.246628,-0.000554,4995.907269,-3.328097,0.002421,-0.001265,-6.977038,-0.002809,0.002152,1.149350,0.005593,198.680283,-0.000407,-2.555212,0.002612,3165.858206,-0.000407,-2.555212,0.002612,3165.858206,198.288704,-0.001581,-12.645323,-3.649148,-0.000457,-0.103221,-0.000136,0.552762,0.018251,-0.000158,1.545357,-12578.385026,-12.366291,50405.423507,0.127795,16655.528353,17.482339,122.425000,31.427155,0.000000,0.000000,0.202010,-0.051036,-29.500000,2.663420,-0.046790,0.034833,-4.108824,2.000579,0.019000,0.000000,1.00,1.00,1.00,1.00,1.00,1.00,1.00,1.00,1.00,1.00
1.300000,259.075498,-0.000712,4994.642737,-2.776398,0.001807,-0.001118,-6.862102,-0.002248,0.002322,2.410413,0.006763,198.610151,0.000083,-1.869487,0.004280,3163.999245,0.000083,-1.869487,0.004280,3163.999245,198.112315,-0.001699,-14.151182,-4.085847,-0.000491,-0.098896,-0.000073,0.367490,0.020584,-0.000092,1.360327,-12182.144964,-6.627216,33510.782526,-0.019163,7850.202551,5.673837,122.425000,31.427334,0.000000,0.000000,0.162808,-0.055009,-29.500000,2.321367,-0.050849,0.034545,-4.336124,1.710385,0.019000,0.000000,1.00,1.00,1.00,1.00,1.00,1.00,1.00,1.00,1.00,1.00
1.400000,278.886730,-0.000882,4993.227618,-2.150541,0.001094,-0.000965,-6.621059,-0.001572,0.002331,3.004786,0.007135,198.565683,0.000533,-1.166454,0.005328,3162.334934,0.000533,-1.166454,0.005328,3162.334934,197.966582,-0.001764,-15.477817,-4.470632,-0.000511,-0.094334,-0.000010,0.172673,0.020969,-0.000027,1.166004,-11764.446203,-0.943378,15745.788590,-0.127167,-1308.383224,-6.316265,122.425000,31.427512,0.000000,0.000000,0.118571,-0.059515,-29.500000,1.933335,-0.055133,0.034219,-4.593977,1.381184,0.019000,0.000000,1.00,1.00,1.00,1.00,1.00,1.00,1.00,1.00,1.00,1.00
1.500000,298.683388,-0.001058,4991.679837,-1.520009,0.000365,-0.000812,-6.320580,-0.000858,0.002202,2.905722,0.006701,198.543318,0.000920,-0.527347,0.005666,3160.937783,0.000920,-0.527347,0.005666,3160.937783,197.851204,-0.001774,-16.616015,-4.800677,-0.000514,-0.090124,0.000045,-0.010838,0.019968,0.000031,0.983084,-11379.168348,4.094058,-988.276153,-0.297367,-9627.793541,-17.178285,122.425000,31.427691,0.000000,0.000000,0.074221,-0.064056,-29.500000,1.542406,-0.059151,0.033891,-4.853756,1.049525,0.019000,0.000000,1.00,1.00,1.00,1.00,1.00,1.00,1.00,1.00,1.00,1.00
1.600000,318.468508,-0.001236,4990.018235,-0.951070,-0.000302,-0.000664,-6.030007,-0.000188,0.001925,2.176760,0.005537,198.537319,0.001210,-0.019495,0.005286,3159.850351,0.001210,-0.019495,0.005286,3159.850351,197.761690,-0.001734,-17.576484,-5.079037,-0.000502,-0.086833,0.000087,-0.164416,0.018216,0.000076,0.830051,-11077.986381,7.976526,-14992.787044,-0.477374,-15960.857552,-25.528572,122.425000,31.427869,0.000000,0.000000,0.034513,-0.068152,-29.500000,1.189663,-0.062385,0.033595,-5.088159,0.750263,0.019000,0.000000,1.00,1.00,1.00,1.00,1.00,1.00,1.00,1.00,1.00,1.00
1.700000,338.244677,-0.001409,4988.260587,-0.498342,-0.000837,-0.000529,-5.812330,0.000366,0.001519,0.968294,0.003816,198.541672,0.001379,0.313443,0.004271,3159.089626,0.001379,0.313443,0.004271,3159.089626,197.691412,-0.001654,-18.387958,-5.314070,-0.000479,-0.089483,0.000113,-0.274460,0.011787,0.000104,0.720399,-11318.888669,10.332257,-25027.560700,-0.817562,-19587.912586,-30.420450,122.425000,31.428047,0.000000,0.000000,0.003328,-0.071411,-29.500000,0.908972,-0.064469,0.033359,-5.274683,0.512128,0.019000,0.000000,1.00,1.00,1.00,1.00,1.00,1.00,1.00,1.00,1.00,1.00
1.800000,358.013818,-0.001575,4986.421791,-0.197542,-0.001191,-0.000415,-5.715500,0.000749,0.000938,-0.514792,0.001767,198.547090,0.001373,0.455728,0.002781,3158.606464,0.001373,0.455728,0.002781,3158.606464,197.629014,-0.001548,-19.092029,-5.518014,-0.000449,-0.091097,0.000120,-0.333539,0.008492,0.000113,0.661490,-11465.560663,10.976425,-30414.819138,-1.171907,-20054.193403,-31.551924,122.425000,31.428225,0.000000,0.000000,-0.016718,-0.073576,-29.500000,0.722476,-0.065013,0.033203,-5.398613,0.353907,0.019000,0.000000,1.00,1.00,1.00,1.00,1.00,1.00,1.00,1.00,1.00,1.00
1.900000,377.776720,-0.001729,4984.512588,-0.061749,-0.001336,-0.000339,-5.766980,0.000927,0.000198,-2.033182,-0.000357,198.553185,0.001159,0.421001,0.001015,3158.412000,0.001159,0.421001,0.001015,3158.412000,197.570872,-0.001434,-19.738413,-5.705267,-0.000416,-0.091383,0.000109,-0.342536,0.009099,0.000103,0.652403,-11491.514384,9.937945,-31235.266127,-1.266132,-17940.186709,-28.845208,122.425000,31.428403,0.000000,0.000000,-0.024891,-0.074553,-29.500000,0.638284,-0.064248,0.033132,-5.454560,0.282480,0.019000,0.000000,1.00,1.00,1.00,1.00,1.00,1.00,1.00,1.00,1.00,1.00
2.000000,397.533807,-0.001873,4982.538747,-0.080378,-0.001271,-0.000316,-5.970298,0.000892,-0.000567,-3.391512,-0.002300,198.561422,0.000770,0.243091,-0.000799,3158.500641,0.000770,0.243091,-0.000799,3158.500641,197.514548,-0.001330,-20.376024,-5.889961,-0.000386,-0.090493,0.000082,-0.308639,0.013520,0.000076,0.685937,-11410.389546,7.457677,-28144.230597,-1.129302,-14053.769710,-22.864305,122.425000,31.428581,0.000000,0.000000,-0.022146,-0.074419,-29.500000,0.649834,-0.062500,0.033142,-5.446884,0.292279,0.019000,0.000000,1.00,1.00,1.00,1.00,1.00,1.00,1.00,1.00,1.00,1.00
2.100000,417.285262,-0.002006,4980.501144,-0.225352,-0.001019,-0.000348,-6.309449,0.000663,-0.001240,-4.455584,-0.003844,198.573742,0.000258,-0.033488,-0.002441,3158.844844,0.000258,-0.033488,-0.002441,3158.844844,197.457798,-0.001252,-21.046718,-6.084175,-0.000363,-0.089191,0.000043,-0.243055,0.020708,0.000037,0.750888,-11291.991617,3.931648,-22163.779970,-0.734104,-9207.689042,-14.590378,122.425000,31.428759,0.000000,0.000000,-0.010644,-0.073376,-29.500000,0.739719,-0.060117,0.033217,-5.387155,0.368535,0.019000,0.000000,1.00,1.00,1.00,1.00,1.00,1.00,1.00,1.00,1.00,1.00
2.200000,437.031042,-0.002131,4978.396473,-0.458344,-0.000624,-0.000429,-6.755006,0.000279,-0.001691,-5.152738,-0.004836,198.591160,-0.000295,-0.360530,-0.003729,3159.389752,-0.000295,-0.360530,-0.003729,3159.389752,197.397637,-0.001212,-21.781263,-6.296807,-0.000352,-0.091665,-0.000002,-0.158932,0.025959,-0.000009,0.834127,-11518.201368,-0.144804,-14492.688023,-0.201845,-4187.847358,-5.257979,122.425000,31.428937,0.000000,0.000000,0.006743,-0.071699,-29.500000,0.884173,-0.057501,0.033339,-5.291162,0.491089,0.019000,0.000000,1.00,1.00,1.00,1.00,1.00,1.00,1.00,1.00,1.00,1.00
2.300000,456.770805,-0.002252,4976.218346,-0.737478,-0.000141,-0.000539,-7.270279,-0.000204,-0.001850,-5.469819,-0.005203,198.610081,-0.000808,-0.692647,-0.004541,3160.027045,-0.000808,-0.692647,-0.004541,3160.027045,197.327177,-0.001215,-22.597034,-6.533024,-0.000353,-0.093987,-0.000047,-0.069118,0.032563,-0.000056,0.922842,-11730.516940,-4.252028,-6302.726544,0.381423,348.076001,3.802395,122.425000,31.429115,0.000000,0.000000,0.026979,-0.069690,-29.500000,1.057236,-0.055046,0.033484,-5.176159,0.637913,0.019000,0.000000,1.00,1.00,1.00,1.00,1.00,1.00,1.00,1.00,1.00,1.00
2.400000,476.503523,-0.002374,4973.958643,-1.023186,0.000366,-0.000656,-7.817260,-0.000723,-0.001692,-5.443464,-0.004959,198.630375,-0.001210,-0.993375,-0.004829,3160.688451,-0.001210,-0.993375,-0.004829,3160.688451,197.244051,-0.001262,-23.499239,-6.794369,-0.000366,-0.095948,-0.000087,0.015371,0.040067,-0.000098,1.006078,-11909.975587,-7.906902,1401.646850,0.956152,4016.747209,11.629664,122.425000,31.429292,0.000000,0.000000,0.047281,-0.067633,-29.500000,1.234375,-0.052999,0.033632,-5.058447,0.788196,0.019000,0.000000,1.00,1.00,1.00,1.00,1.00,1.00,1.00,1.00,1.00,1.00
2.500000,496.227928,-0.002500,4971.608719,-1.282670,0.000837,-0.000755,-8.361607,-0.001217,-0.001221,-5.139339,-0.004185,198.652054,-0.001439,-1.236229,-0.004604,3161.318976,-0.001439,-1.236229,-0.004604,3161.318976,197.147342,-0.001345,-24.482405,-7.079282,-0.000391,-0.097433,-0.000118,0.086223,0.047987,-0.000131,1.075593,-12046.050392,-10.721100,7862.510316,1.186166,6629.265515,17.147716,122.425000,31.429470,0.000000,0.000000,0.065406,-0.065764,-29.500000,1.395255,-0.051497,0.033767,-4.951540,0.924684,0.019000,0.000000,1.00,1.00,1.00,1.00,1.00,1.00,1.00,1.00,1.00,1.00
2.600000,515.942662,-0.002634,4969.160479,-1.492031,0.001221,-0.000815,-8.875543,-0.001633,-0.000601,-4.637408,-0.003036,198.675504,-0.001516,-1.405222,-0.003953,3161.880769,-0.001516,-1.405222,-0.003953,3161.880769,197.037815,-0.001457,-25.533086,-7.383877,-0.000424,-0.098399,-0.000137,0.138102,0.055890,-0.000151,1.126128,-12134.670203,-12.474656,12593.257042,1.264050,8139.989881,19.906824,122.425000,31.429648,0.000000,0.000000,0.079769,-0.064256,-29.500000,1.525059,-0.050584,0.033876,-4.865283,1.034808,0.019000,0.000000,1.00,1.00,1.00,1.00,1.00,1.00,1.00,1.00,1.00,1.00
2.700000,535.646444,-0.002780,4966.607170,-1.636863,0.001483,-0.000827,-9.339285,-0.001934,0.000081,-4.021094,-0.001696,198.701555,-0.001454,-1.494275,-0.003010,3162.359016,-0.001454,-1.494275,-0.003010,3162.359016,196.917813,-0.001585,-26.632812,-7.702779,-0.000461,-0.098852,-0.000144,0.168537,0.063429,-0.000158,1.155282,-12176.456470,-13.096609,15368.607369,1.161407,8600.726007,19.935679,122.425000,31.429825,0.000000,0.000000,0.089459,-0.063213,-29.500000,1.614855,-0.050237,0.033952,-4.805613,1.110990,0.019000,0.000000,1.00,1.00,1.00,1.00,1.00,1.00,1.00,1.00,1.00,1.00
2.800000,555.338225,-0.002938,4963.943889,-1.711783,0.001607,-0.000792,-9.741397,-0.002100,0.000728,-3.369896,-0.000351,198.731386,-0.001290,-1.506052,-0.001923,3162.758290,-0.001290,-1.506052,-0.001923,3162.758290,196.790865,-0.001720,-27.760883,-8.029936,-0.000501,-0.098837,-0.000139,0.177599,0.070364,-0.000152,1.163180,-12175.544419,-12.663293,16194.911290,0.963650,8130.744230,17.628164,122.425000,31.430003,0.000000,0.000000,0.094186,-0.062674,-29.500000,1.661305,-0.050390,0.033991,-4.774746,1.150398,0.019000,0.000000,1.00,1.00,1.00,1.00,1.00,1.00,1.00,1.00,1.00,1.00
2.900000,575.017312,-0.003110,4961.167800,-1.719331,0.001597,-0.000714,-10.078388,-0.002131,0.001278,-2.754282,0.000842,198.766302,-0.001060,-1.450454,-0.000840,3163.098153,-0.001060,-1.450454,-0.000840,3163.098153,196.661105,-0.001850,-28.896803,-8.359331,-0.000539,-0.098431,-0.000125,0.167457,0.076564,-0.000137,1.152027,-12138.844100,-11.362421,15270.136337,0.712046,6900.479722,13.596107,122.425000,31.430180,0.000000,0.000000,0.094196,-0.062619,-29.500000,1.665986,-0.050948,0.033995,-4.771635,1.154368,0.019000,0.000000,1.00,1.00,1.00,1.00,1.00,1.00,1.00,1.00,1.00,1.00
3.000000,594.683422,-0.003295,4958.278120,-1.668477,0.001470,-0.000601,-10.353818,-0.002043,0.001693,-2.231816,0.001763,198.807475,-0.000803,-1.342822,0.000117,3163.409922,-0.000803,-1.342822,0.000117,3163.409922,196.532635,-0.001966,-30.022259,-8.685562,-0.000573,-0.097733,-0.000104,0.141883,0.081993,-0.000114,1.125600,-12075.515734,-9.455670,12938.078138,0.461125,5121.599603,8.560563,122.425000,31.430357,0.000000,0.000000,0.090166,-0.062986,-29.500000,1.634456,-0.051801,0.033968,-4.792587,1.127619,0.019000,0.000000,1.00,1.00,1.00,1.00,1.00,1.00,1.00,1.00,1.00,1.00
3.100000,614.336686,-0.003492,4955.275894,-1.572881,0.001256,-0.000465,-10.577000,-0.001861,0.001963,-1.844038,0.002346,198.855729,-0.000550,-1.201887,0.000855,3163.729048,-0.000550,-1.201887,0.000855,3163.729048,196.408976,-0.002064,-31.122602,-9.004292,-0.000602,-0.096862,-0.000079,0.105700,0.086695,-0.000087,1.088709,-11996.363654,-7.236207,9638.582123,0.232390,3035.660854,3.238801,122.425000,31.430534,0.000000,0.000000,0.083087,-0.063674,-29.500000,1.575186,-0.052824,0.033919,-4.831973,1.077335,0.019000,0.000000,1.00,1.00,1.00,1.00,1.00,1.00,1.00,1.00,1.00,1.00
3.200000,633.977583,-0.003698,4952.163634,-1.448996,0.000991,-0.000313,-10.761404,-0.001621,0.002095,-1.614194,0.002569,198.911432,-0.000325,-1.047546,0.001321,3164.091358,-0.000325,-1.047546,0.001321,3164.091358,196.292661,-0.002140,-32.187810,-9.312540,-0.000625,-0.095943,-0.000055,0.064208,0.090777,-0.000060,1.046622,-11912.955141,-4.992173,5855.043288,0.040621,896.271684,-1.729836,122.425000,31.430711,0.000000,0.000000,0.074132,-0.064566,-29.500000,1.498377,-0.053894,0.033854,-4.883014,1.012172,0.019000,0.000000,1.00,1.00,1.00,1.00,1.00,1.00,1.00,1.00,1.00,1.00
3.300000,653.606849,-0.003913,4948.944853,-1.314109,0.000712,-0.000153,-10.922824,-0.001359,0.002106,-1.546334,0.002458,198.974495,-0.000147,-0.898634,0.001500,3164.529009,-0.000147,-0.898634,0.001500,3164.529009,196.185049,-0.002193,-33.212912,-9.608816,-0.000641,-0.095099,-0.000033,0.022608,0.094388,-0.000035,1.004491,-11836.446946,-2.975747,2061.577345,-0.111714,-1055.907075,-5.839235,122.425000,31.430888,0.000000,0.000000,0.064525,-0.065538,-29.500000,1.414748,-0.054891,0.033784,-4.938587,0.941221,0.019000,0.000000,1.00,1.00,1.00,1.00,1.00,1.00,1.00,1.00,1.00,1.00
3.400000,673.225354,-0.004132,4945.623562,-1.184450,0.000451,0.000010,-11.077458,-0.001108,0.002021,-1.626281,0.002070,199.044468,-0.000029,-0.770942,0.001412,3165.066433,-0.000029,-0.770942,0.001412,3165.066433,196.086313,-0.002225,-34.197882,-9.893088,-0.000650,-0.094433,-0.000015,-0.014541,0.097702,-0.000015,0.966827,-11776.287672,-1.381045,-1325.982475,-0.220901,-2621.405856,-8.745897,122.425000,31.431065,0.000000,0.000000,0.055405,-0.066472,-29.500000,1.334359,-0.055713,0.033716,-4.992007,0.873021,0.019000,0.000000,1.00,1.00,1.00,1.00,1.00,1.00,1.00,1.00,1.00,1.00
3.500000,692.833986,-0.004354,4942.203774,-1.073546,0.000236,0.000171,-11.240086,-0.000898,0.001866,-1.824759,0.001486,199.120689,0.000025,-0.675744,0.001102,3165.722051,0.000025,-0.675744,0.001102,3165.722051,195.995607,-0.002241,-35.147023,-10.166610,-0.000655,-0.094018,-0.000004,-0.043754,0.100902,-0.000001,0.937065,-11739.084983,-0.330417,-3989.875446,-0.283359,-3666.563366,-10.282268,122.425000,31.431241,0.000000,0.000000,0.047713,-0.067270,-29.500000,1.265599,-0.056290,0.033658,-5.037699,0.814685,0.019000,0.000000,1.00,1.00,1.00,1.00,1.00,1.00,1.00,1.00,1.00,1.00
3.600000,712.433546,-0.004578,4938.689071,-0.991021,0.000083,0.000328,-11.422562,-0.000747,0.001672,-2.102371,0.000799,199.202435,0.000013,-0.619019,0.000636,3166.504463,0.000013,-0.619019,0.000636,3166.504463,195.911308,-0.002245,-36.067944,-10.431611,-0.000657,-0.093887,0.000001,-0.062901,0.104156,0.000007,0.917292,-11727.927778,0.130091,-5735.820752,-0.294537,-4137.633920,-10.452463,122.425000,31.431418,0.000000,0.000000,0.042104,-0.067865,-29.500000,1.214433,-0.056586,0.033615,-5.071699,0.771277,0.019000,0.000000,1.00,1.00,1.00,1.00,1.00,1.00,1.00,1.00,1.00,1.00
3.700000,732.024677,-0.004803,4935.082277,-0.941963,0.000002,0.000479,-11.632799,-0.000667,0.001470,-2.415649,0.000100,199.289034,-0.000055,-0.601448,0.000088,3167.414960,-0.000055,-0.601448,0.000088,3167.414960,195.831310,-0.002244,-36.970272,-10.690916,-0.000656,-0.094035,0.000000,-0.071290,0.107603,0.000008,0.908170,-11742.330639,0.026781,-6500.827669,-0.253752,-4060.504060,-9.413266,122.425000,31.431594,0.000000,0.000000,0.038905,-0.068218,-29.500000,1.184017,-0.056603,0.033590,-5.091911,0.745473,0.019000,0.000000,1.00,1.00,1.00,1.00,1.00,1.00,1.00,1.00,1.00,1.00
3.800000,751.607808,-0.005027,4931.385250,-0.926923,-0.000008,0.000624,-11.874364,-0.000659,0.001292,-2.723087,-0.000528,199.379934,-0.000167,-0.619099,-0.000468,3168.446996,-0.000167,-0.619099,-0.000468,3168.446996,195.753312,-0.002243,-37.864269,-10.947539,-0.000657,-0.094424,-0.000006,-0.069563,0.111343,0.000005,0.909038,-11778.777617,-0.553213,-6343.352519,-0.163839,-3526.692203,-7.436335,122.425000,31.431771,0.000000,0.000000,0.038120,-0.068326,-29.500000,1.174692,-0.056381,0.033582,-5.098108,0.737561,0.019000,0.000000,1.00,1.00,1.00,1.00,1.00,1.00,1.00,1.00,1.00,1.00
3.900000,771.183139,-0.005252,4927.598823,-0.942488,0.000044,0.000766,-12.146673,-0.000716,0.001165,-2.990109,-0.001024,199.474722,-0.000305,-0.664611,-0.000966,3169.588396,-0.000305,-0.664611,-0.000966,3169.588396,195.675071,-0.002248,-38.759559,-11.204309,-0.000658,-0.094991,-0.000016,-0.059427,0.115424,-0.000003,0.918185,-11831.693507,-1.479572,-5419.024454,-0.049133,-2670.259429,-4.887048,122.425000,31.431947,0.000000,0.000000,0.039476,-0.068214,-29.500000,1.184343,-0.055980,0.033590,-5.091695,0.745749,0.019000,0.000000,1.00,1.00,1.00,1.00,1.00,1.00,1.00,1.00,1.00,1.00
4.000000,790.750646,-0.005476,4923.722867,-0.982273,0.000144,0.000905,-12.445684,-0.000826,0.001105,-3.192286,-0.001348,199.573123,-0.000450,-0.728609,-0.001357,3170.823277,-0.000450,-0.728609,-0.001357,3170.823277,195.594621,-0.002263,-39.664112,-11.463566,-0.000663,-0.095667,-0.000029,-0.043289,0.119847,-0.000013,0.933212,-11894.530160,-2.599882,-3947.448160,0.095336,-1642.037027,-2.122372,122.425000,31.432123,0.000000,0.000000,0.042492,-0.067928,-29.500000,1.209010,-0.055476,0.033611,-5.075303,0.766676,0.019000,0.000000,1.00,1.00,1.00,1.00,1.00,1.00,1.00,1.00,1.00,1.00
4.100000,810.310109,-0.005703,4919.756456,-1.038131,0.000273,0.001047,-12.764912,-0.000969,0.001127,-3.316611,-0.001485,199.674984,-0.000584,-0.801124,-0.001610,3172.133388,-0.000584,-0.801124,-0.001610,3172.133388,195.510439,-0.002290,-40.583578,-11.726969,-0.000671,-0.096379,-0.000041,-0.023866,0.124572,-0.000023,0.951419,-11960.804865,-3.758458,-2176.314512,0.223451,-586.769636,0.495776,122.425000,31.432299,0.000000,0.000000,0.046576,-0.067525,-29.500000,1.243642,-0.054942,0.033640,-5.052290,0.796057,0.019000,0.000000,1.00,1.00,1.00,1.00,1.00,1.00,1.00,1.00,1.00,1.00
4.200000,829.861153,-0.005932,4915.698098,-1.101379,0.000413,0.001196,-13.096573,-0.001128