eval/mean_reward,model/parameters,eval/success_rate,time/total_timesteps,eval/mean_ep_length,model/extractor_type,eval/best_seq_prediction_mse,rollout/success_rate,rollout/ep_len_mean,time/iterations,rollout/ep_rew_mean,time/time_elapsed,eval/seq_prediction_mse,time/fps,train/loss,train/std,train/policy_gradient_loss,train/clip_range_vf,train/value_loss,train/approx_kl,train/clip_fraction,train/n_updates,train/entropy_loss,train/explained_variance,train/clip_range,train/learning_rate
-248.7213897705078,5865051,0.0,20000,207.5,"TransformerFeaturesExtractor",,,,,,,,,,,,,,,,,,,,
,,,32768,,,0.970589742064476,0.01,213.92,1,-253.81973266601562,58,0.970589742064476,561,,,,,,,,,,,,
-263.8351135253906,,0.0,40000,243.6,,,,,,,,,,0.3210908770561218,0.740818202495575,0.14275390254333614,0.3,0.7175169132649899,0.76227903,0.846673583984375,10,-4.256815433502197,0.11162769794464111,0.19934464000000002,9.9377408e-05
-219.6552734375,,0.0,60000,139.4,,,,,,,,1.0629078149795532,,,,,,,,,,,,,
,,,65536,,,,0.0,294.85,2,-283.895263671875,159,1.1170082986354828,411,,,,,,,,,,,,
-274.8647155761719,,0.0,80000,245.4,,,,,,,,,,0.11259110271930695,0.740818202495575,0.10811000354588032,0.3,0.08811078239232302,0.23620497,0.706439208984375,20,-4.256815433502197,0.5755072236061096,0.19868928000000002,9.8754816e-05
,,,98304,,,,0.0,300.83,3,-283.0118408203125,237,1.058242267370224,414,,,,,,,,,,,,
-225.8370819091797,,0.0,100000,111.2,,,,,,,,,,0.014819235540926456,0.740818202495575,0.020486688410164787,0.3,0.07987367901951074,0.016827017,0.2872161865234375,30,-4.256815433502197,0.2216799259185791,0.19803392,9.8132224e-05
-256.7102966308594,,0.0,120000,234.9,,,,,,,,0.9939098656177521,,,,,,,,,,,,,
,,,131072,,,,0.0,302.54,4,-285.7525939941406,341,1.0871126234531403,383,,,,,,,,,,,,
-259.3031311035156,,0.0,140000,256.9,,,,,,,,,,0.006571047939360142,0.740818202495575,0.011239741917233915,0.3,0.08089415566064417,0.013042328,0.2315185546875,40,-4.256815433502197,0.448272705078125,0.19737856,9.750963200000001e-05
-249.1499481201172,,0.0,160000,188.3,,,,,,,,1.1032354295253755,,,,,,,,,,,,,
,,,163840,,,,0.01,318.25,5,-292.2739562988281,446,1.1331186473369599,366,,,,,,,,,,,,
-284.89703369140625,,0.0,180000,288.7,,,,,,,,,,0.0021898578852415085,0.740818202495575,0.0038610332878306506,0.3,0.07584309265948833,0.008717517,0.15496826171875,50,-4.256815433502197,0.5741911828517914,0.19672320000000001,9.688704e-05
,,,196608,,,,0.0,323.28,6,-296.6571960449219,528,1.092807984352112,372,,,,,,,,,,,,
-261.39715576171875,,0.0,200000,244.6,,,,,,,,,,0.003158779814839363,0.740818202495575,0.0032230776676442476,0.3,0.07404437474906445,0.007178248,0.1260833740234375,60,-4.256815433502197,0.6177533566951752,0.19606784000000002,9.626444800000001e-05
-272.060546875,,0.0,220000,242.2,,,,,,,,1.064575719833374,,,,,,,,,,,,,
,,,229376,,,,0.0,309.86,7,-291.7636413574219,638,1.0945434808731078,359,,,,,,,,,,,,
-234.86474609375,,0.0,240000,213.1,,,,,,,,,,0.0008425042033195496,0.740818202495575,0.0029705438937526196,0.3,0.06995831388048827,0.0062811757,0.108612060546875,70,-4.256815433502197,0.6184459924697876,0.19541248,9.564185600000001e-05
-264.63446044921875,,0.0,260000,291.5,,,,,,,,1.2129991888999938,,,,,,,,,,,,,
,,,262144,,,,0.0,318.62,8,-285.5302429199219,751,0.9826359510421753,348,,,,,,,,,,,,
-290.2926940917969,,0.0,280000,272.8,,,,,,,,,,0.0010920539498329163,0.740818202495575,0.001782138936687261,0.3,0.06835735747590661,0.0053111836,0.080364990234375,80,-4.256815433502197,0.5893548429012299,0.19475712,9.501926400000001e-05
,,,294912,,,,0.0,311.22,9,-296.1562194824219,834,1.1921427190303802,353,,,,,,,,,,,,
-260.9210510253906,,0.0,300000,183.4,,,,,,,,,,0.0029882341623306274,0.740818202495575,0.0014448621950577945,0.3,0.0727206552401185,0.00582188,0.0821044921875,90,-4.256815433502197,0.518622100353241,0.19410176,9.439667200000001e-05
-267.7839660644531,,0.0,320000,299.2,,,,,,,,1.1131898880004882,,,,,,,,,,,,,
,,,327680,,,,0.0,306.54,10,-297.2228698730469,946,1.1008661687374115,346,,,,,,,,,,,,
-280.9676208496094,,0.0,340000,283.7,,,,,,,,,,-0.005760625004768372,0.740818202495575,0.000800955829618033,0.3,0.06632337751798331,0.004230516,0.0651702880859375,100,-4.256815433502197,0.5298374891281128,0.19344640000000002,9.377408e-05
-260.4858703613281,,0.0,360000,251.7,,,,,,,,1.1697866201400757,,,,,,,,,,,,,
,,,360448,,,,0.01,303.12,11,-295.0404052734375,1064,1.048407405614853,338,,,,,,,,,,,,
-275.0150451660156,,0.0,380000,264.1,,,,,,,,,,-0.00277700275182724,0.740818202495575,0.0010409996742964723,0.3,0.06919180555269122,0.004822008,0.0694854736328125,110,-4.256815433502197,0.4476727843284607,0.19279104000000002,9.3151488e-05
,,,393216,,,,0.0,297.88,12,-286.0170593261719,1144,1.0899899482727051,343,,,,,,,,,,,,
-261.01898193359375,,0.0,400000,263.5,,,,,,,,,,0.0024574119597673416,0.740818202495575,0.0010264874348649756,0.3,0.06655260394327342,0.004289529,0.0634674072265625,120,-4.256815433502197,0.5453901588916779,0.19213568,9.2528896e-05
-257.28802490234375,,0.0,420000,234.2,,,,,,,,1.1198188602924346,,,,,,,,,,,,,
,,,425984,,,,0.0,304.99,13,-290.5104675292969,1253,1.1237371444702149,339,,,,,,,,,,,,
-264.66314697265625,,0.0,440000,233.3,,,,,,,,,,-0.0012913290411233902,0.740818202495575,0.0008685896842507646,0.3,0.06865872722119093,0.003993721,0.05137939453125,130,-4.256815433502197,0.5600301623344421,0.19148032,9.1906304e-05
,,,458752,,,,0.0,301.15,14,-288.5685119628906,1337,0.9722842097282409,342,,,,,,,,,,,,
-258.5067138671875,,0.0,460000,180.2,,,,,,,,,,0.0009710527956485748,0.740818202495575,0.0009246410962077789,0.3,0.07694863197393716,0.0041588806,0.0574920654296875,140,-4.256815433502197,0.44495880603790283,0.19082496000000002,9.1283712e-05
-262.297119140625,,0.0,480000,221.5,,,,,,,,1.2269242882728577,,,,,,,,,,,,,
,,,491520,,,,0.0,292.92,15,-293.56793212890625,1440,1.078541362285614,341,,,,,,,,,,,,
-266.8877258300781,,0.0,500000,284.3,,,,,,,,,,0.0009401571005582809,0.740818202495575,0.0008733204114832916,0.3,0.06709250947460532,0.0033895292,0.0468170166015625,150,-4.256815433502197,0.3964462876319885,0.19016960000000002,9.066112000000001e-05
-231.19180297851562,,0.0,520000,147.4,,,,,,,,1.1032137632369996,,,,,,,,,,,,,
,,,524288,,,,0.0,291.11,16,-283.44635009765625,1549,1.1613991379737854,338,,,,,,,,,,,,
-260.4314270019531,,0.0,540000,216.1,,,,,,,,,,0.00042017921805381775,0.740818202495575,0.000317553313652752,0.3,0.07422685180790722,0.0036507738,0.05252685546875,160,-4.256815433502197,0.4754052758216858,0.18951424,9.0038528e-05
,,,557056,,,,0.0,278.32,17,-279.41143798828125,1627,1.0416181683540344,342,,,,,,,,,,,,
-265.7799987792969,,0.0,560000,241.5,,,,,,,,,,0.0020442120730876923,0.740818202495575,-1.029084378387779e-05,0.3,0.071163349179551,0.004460427,0.052972412109375,170,-4.256815433502197,0.45588868856430054,0.18885888,8.9415936e-05
-247.96337890625,,0.0,580000,184.9,,,,,,,,1.234239512681961,,,,,,,,,,,,,
,,,589824,,,,0.0,283.54,18,-284.40411376953125,1732,1.1117966532707215,340,,,,,,,,,,,,
-268.85638427734375,,0.0,600000,217.5,,,,,,,,,,-0.0008885730057954788,0.740818202495575,0.00045796236518071967,0.3,0.07029368178918957,0.0045514028,0.06298828125,180,-4.256815433502197,0.45149022340774536,0.18820352,8.879334400000001e-05
-285.43792724609375,,0.0,620000,245.6,,,,,,,,1.0507176697254181,,,,,,,,,,,,,
,,,622592,,,,0.0,265.6,19,-278.4136657714844,1844,1.0662691056728364,337,,,,,,,,,,,,
-250.15853881835938,,0.0,640000,193.1,,,,,,,,,,-0.0026699304580688477,0.740818202495575,0.0005646812816848979,0.3,0.0637937217950821,0.0035617603,0.0591217041015625,190,-4.256815433502197,0.4209493398666382,0.18754816000000002,8.8170752e-05
,,,655360,,,,0.0,258.45,20,-274.4596252441406,1921,1.089009565114975,341,,,,,,,,,,,,
-282.83489990234375,,0.0,660000,241.5,,,,,,,,,,0.0007979981601238251,0.740818202495575,0.0007001301753916777,0.3,0.06756864301860332,0.004519705,0.0640289306640625,200,-4.256815433502197,0.43881261348724365,0.18689280000000003,8.754816000000001e-05
-256.85272216796875,,0.0,680000,187.3,,,,,,,,1.2191268920898437,,,,,,,,,,,,,
,,,688128,,,,0.0,263.1,21,-275.99774169921875,2023,1.2872203588485718,340,,,,,,,,,,,,
-247.3994598388672,,0.0,700000,204.2,,,,,,,,,,-0.003666430711746216,0.740818202495575,0.0008922498782339972,0.3,0.06535489307716488,0.0029482022,0.046441650390625,210,-4.256815433502197,0.48879480361938477,0.18623744,8.6925568e-05
-232.10726928710938,,0.0,720000,160.7,,,,,,,,1.250174343585968,,,,,,,,,,,,,
,,,720896,,,,0.0,264.58,22,-282.9121398925781,2120,1.111800640821457,340,,,,,,,,,,,,
-256.00189208984375,,0.0,740000,239.8,,,,,,,,,,-0.003895934671163559,0.740818202495575,-0.00017716008733259514,0.3,0.06664135986939072,0.0042129,0.0552093505859375,220,-4.256815433502197,0.45810467004776,0.18558208,8.6302976e-05
,,,753664,,,,0.0,249.46,23,-273.17413330078125,2201,1.088988709449768,342,,,,,,,,,,,,
-226.63241577148438,,0.0,760000,131.6,,,,,,,,,,-0.0029881522059440613,0.740818202495575,-6.113000708865001e-05,0.3,0.06499903616495431,0.002680746,0.039642333984375,230,-4.256815433502197,0.4381664991378784,0.18492672000000002,8.5680384e-05
-267.80133056640625,,0.0,780000,211.0,,,,,,,,1.1392205893993377,,,,,,,,,,,,,
,,,786432,,,,0.0,265.08,24,-283.5818786621094,2300,1.0930927991867065,341,,,,,,,,,,,,
-267.5207824707031,,0.0,800000,205.1,,,,,,,,,,-0.001650385558605194,0.740818202495575,-0.00018541032331995667,0.3,0.06357544157654046,0.0047844145,0.0507904052734375,240,-4.256815433502197,0.43239492177963257,0.18427136,8.5057792e-05
,,,819200,,,,0.0,248.1,25,-278.4109191894531,2379,1.027367264032364,344,,,,,,,,,,,,
-221.1299591064453,,0.0,820000,121.9,,,,,,,,,,-0.0006995238363742828,0.740818202495575,0.0001475074066547677,0.3,0.06216251151636243,0.0035844664,0.0464263916015625,250,-4.256815433502197,0.47058385610580444,0.183616,8.44352e-05
-239.9489288330078,,0.0,840000,178.0,,,,,,,,1.0539947271347045,,,,,,,,,,,,,
,,,851968,,,,0.0,240.17,26,-273.4545593261719,2473,1.1684697926044465,344,,,,,,,,,,,,
-279.4587097167969,,0.0,860000,230.9,,,,,,,,,,-0.0007988344877958298,0.740818202495575,6.66750143864192e-05,0.3,0.06501259398646653,0.004245934,0.0465423583984375,260,-4.256815433502197,0.510820060968399,0.18296064,8.3812608e-05
-270.4059753417969,,0.0,880000,231.6,,,,,,,,1.2802467465400695,,,,,,,,,,,,,
,,,884736,,,,0.0,243.04,27,-276.32586669921875,2579,0.9975258469581604,343,,,,,,,,,,,,
-241.60104370117188,,0.0,900000,156.6,,,,,,,,,,-0.0079750195145607,0.740818202495575,9.574343712301925e-05,0.3,0.06307560708373786,0.0029438054,0.0421844482421875,270,-4.256815433502197,0.48680806159973145,0.18230528000000001,8.319001600000001e-05
,,,917504,,,,0.0,255.81,28,-282.8712463378906,2648,1.2749165892601013,346,,,,,,,,,,,,
-261.6781921386719,,0.0,920000,211.1,,,,,,,,,,-0.0007604341953992844,0.740818202495575,0.0001971436620806344,0.3,0.0665326923597604,0.003330698,0.049249267578125,280,-4.256815433502197,0.49119341373443604,0.18164992000000002,8.2567424e-05
-281.94696044921875,,0.0,940000,234.2,,,,,,,,1.0740764796733857,,,,,,,,,,,,,
,,,950272,,,,0.0,239.71,29,-262.2856750488281,2755,1.138953983783722,344,,,,,,,,,,,,
-256.8992614746094,,0.0,960000,207.6,,,,,,,,,,0.0009039305150508881,0.740818202495575,-2.4904112797230483e-05,0.3,0.05941411587409675,0.0028470596,0.030731201171875,290,-4.256815433502197,0.5026335418224335,0.18099456000000003,8.194483200000001e-05
-279.3948974609375,,0.0,980000,223.7,,,,,,,,1.128580391407013,,,,,,,,,,,,,
,,,983040,,,0.9621679782867432,0.0,227.59,30,-266.1436767578125,2866,0.9621679782867432,342,,,,,,,,,,,,
-264.37152099609375,,0.0,1000000,204.7,,,,,,,,,,-0.005610993131995201,0.740818202495575,0.00028402165917214007,0.3,0.06361215342767537,0.0037268978,0.0516326904296875,300,-4.256815433502197,0.45608389377593994,0.1803392,8.132224000000001e-05
,,,1015808,,,,0.0,205.35,31,-258.71270751953125,2938,1.2303582012653351,345,,,,,,,,,,,,
-242.545166015625,,0.0,1020000,170.6,,,,,,,,,,-0.0025707799941301346,0.740818202495575,-0.0004505461431108415,0.3,0.05959217743948102,0.003038474,0.045013427734375,310,-4.256815433502197,0.4295700788497925,0.17968384,8.069964800000001e-05
-240.18746948242188,,0.0,1040000,173.8,,,,,,,,1.1904472053050994,,,,,,,,,,,,,
,,,1048576,,,,0.0,218.38,32,-265.1097717285156,3036,1.1654448807239532,345,,,,,,,,,,,,
-257.3504333496094,,0.0,1060000,228.8,,,,,,,,,,-0.0051805805414915085,0.740818202495575,0.0004931572169880382,0.3,0.06429183837026357,0.0025692699,0.035400390625,320,-4.256815433502197,0.4205912947654724,0.17902848000000002,8.0077056e-05
-237.260986328125,,0.0,1080000,170.7,,,,,,,,1.0728209018707275,,,,,,,,,,,,,
,,,1081344,,,,0.0,243.29,33,-271.8591613769531,3140,1.178317129611969,344,,,,,,,,,,,,
-284.6686706542969,,0.0,1100000,230.0,,,,,,,,,,0.0013693422079086304,0.740818202495575,0.00021920228900853544,0.3,0.06731635578908027,0.0026729482,0.03533935546875,330,-4.256815433502197,0.43033766746520996,0.17837312,7.9454464e-05
,,,1114112,,,,0.0,229.03,34,-263.6009216308594,3221,1.1276170909404755,345,,,,,,,,,,,,
-243.93148803710938,,0.0,1120000,171.9,,,,,,,,,,0.0035202298313379288,0.740818202495575,0.00036652857743320056,0.3,0.07035361840389669,0.0026694057,0.0427978515625,340,-4.256815433502197,0.4579043388366699,0.17771776,7.8831872e-05
-263.5423889160156,,0.0,1140000,204.1,,,,,,,,1.127845686674118,,,,,,,,,,,,,
,,,1146880,,,,0.0,217.4,35,-267.5723876953125,3322,1.1272267639636993,345,,,,,,,,,,,,
-245.69924926757812,,0.0,1160000,181.0,,,,,,,,,,0.0024442821741104126,0.740818202495575,0.00018115185375791043,0.3,0.06792482347227632,0.0024799006,0.0398101806640625,350,-4.256815433502197,0.4944527745246887,0.1770624,7.820928e-05
,,,1179648,,,0.9492056131362915,0.0,204.55,36,-258.58441162109375,3399,0.9492056131362915,346,,,,,,,,,,,,
-248.4091796875,,0.0,1180000,175.8,,,,,,,,,,-0.0022380296140909195,0.740818202495575,0.0004218811722239479,0.3,0.06779074422083795,0.0029549662,0.026043701171875,360,-4.256815433502197,0.48588883876800537,0.17640704000000001,7.7586688e-05
-242.0639190673828,,0.0,1200000,148.4,,,,,,,,1.105675083398819,,,,,,,,,,,,,
,,,1212416,,,,0.0,203.92,37,-255.85220336914062,3500,1.1058541238307953,346,,,,,,,,,,,,
-245.1645965576172,,0.0,1220000,173.6,,,,,,,,,,0.002884460613131523,0.740818202495575,6.61333862808533e-05,0.3,0.06228970033116639,0.0028134114,0.030352783203125,370,-4.256815433502197,0.4769550561904907,0.17575168000000002,7.6964096e-05
-253.8885040283203,,0.0,1240000,197.1,,,,,,,,1.1303877115249634,,,,,,,,,,,,,
,,,1245184,,,,0.0,201.67,38,-254.53302001953125,3598,1.0550702571868897,346,,,,,,,,,,,,
-235.4726104736328,,0.0,1260000,147.8,,,,,,,,,,-0.005908116698265076,0.740818202495575,-0.00012062736495863647,0.3,0.061921323742717506,0.002578945,0.02418212890625,380,-4.256815433502197,0.528120756149292,0.17509632,7.6341504e-05
,,,1277952,,,,0.0,227.84,39,-268.04949951171875,3671,1.1566964387893677,348,,,,,,,,,,,,
-270.4776916503906,,0.0,1280000,192.5,,,,,,,,,,-0.006742129102349281,0.740818202495575,3.763878048630431e-05,0.3,0.062388745183125136,0.003005799,0.0384246826171875,390,-4.256815433502197,0.5315181314945221,0.17444096,7.5718912e-05
-230.6147003173828,,0.0,1300000,127.4,,,,,,,,1.102366328239441,,,,,,,,,,,,,
,,,1310720,,,,0.0,198.62,40,-255.3638916015625,3769,0.9904172480106354,347,,,,,,,,,,,,
-257.48919677734375,,0.0,1320000,218.2,,,,,,,,,,-0.0062194522470235825,0.740818202495575,7.730562356300652e-05,0.3,0.055400682333856824,0.0026035586,0.0236572265625,400,-4.256815433502197,0.5409621298313141,0.1737856,7.509632000000001e-05
-240.97280883789062,,0.0,1340000,170.1,,,,,,,,1.24307222366333,,,,,,,,,,,,,
,,,1343488,,,,0.0,205.6,41,-259.8055725097656,3867,1.1532380044460298,347,,,,,,,,,,,,
-264.8879089355469,,0.0,1360000,220.9,,,,,,,,,,-0.0059229787439107895,0.740818202495575,5.278203170746565e-05,0.3,0.056571090361103415,0.0029378622,0.03292236328125,410,-4.256815433502197,0.5480447113513947,0.17313024000000002,7.447372800000001e-05
,,,1376256,,,,0.0,188.33,42,-253.53733825683594,3941,1.0290650486946107,349,,,,,,,,,,,,
-262.40423583984375,,0.0,1380000,186.1,,,,,,,,,,-0.0007239691913127899,0.740818202495575,-0.0003027617414772976,0.3,0.0584300781134516,0.0024990786,0.0315704345703125,420,-4.256815433502197,0.5512298345565796,0.17247488,7.3851136e-05
-256.01470947265625,,0.0,1400000,201.1,,,,,,,,1.0425284564495088,,,,,,,,,,,,,
,,,1409024,,,,0.02,171.77,43,-243.0506591796875,4044,1.012582039833069,348,,,,,,,,,,,,
-230.69668579101562,,0.0,1420000,123.4,,,,,,,,,,-0.0027566440403461456,0.740818202495575,-0.0002989468950545415,0.3,0.05935624809935689,0.0029723258,0.033465576171875,430,-4.256815433502197,0.5592398345470428,0.17181952,7.3228544e-05
-234.0467987060547,,0.0,1440000,127.6,,,,,,,,1.1968715608119964,,,,,,,,,,,,,
,,,1441792,,,,0.02,190.25,44,-251.59988403320312,4132,1.0925673842430115,348,,,,,,,,,,,,
-257.32916259765625,,0.0,1460000,182.7,,,,,,,,,,-0.0030039269477128983,0.740818202495575,0.0005062485011876561,0.3,0.06251231478527189,0.0030536307,0.0439300537109375,440,-4.256815433502197,0.517446368932724,0.17116416,7.2605952e-05
,,,1474560,,,,0.0,181.51,45,-252.4304656982422,4203,1.2142272472381592,350,,,,,,,,,,,,
-248.2434844970703,,0.0,1480000,162.4,,,,,,,,,,-0.004827943630516529,0.740818202495575,-0.00012110596871934831,0.3,0.057728466624394056,0.0029286128,0.0410247802734375,450,-4.256815433502197,0.5733793079853058,0.17050880000000002,7.198335999999999e-05
-236.31698608398438,,0.0,1500000,161.6,,,,,,,,1.2459704995155334,,,,,,,,,,,,,
,,,1507328,,,,0.0,190.0,46,-252.37738037109375,4298,1.0749799251556396,350,,,,,,,,,,,,
-249.3299560546875,,0.0,1520000,206.4,,,,,,,,,,-0.0063131432980299,0.740818202495575,-0.0004211277278955095,0.3,0.05545954848639667,0.0036825496,0.0370819091796875,460,-4.256815433502197,0.49988049268722534,0.16985344000000002,7.1360768e-05
-219.5169677734375,,0.0,1540000,116.1,,,,,,,,0.9847702801227569,,,,,,,,,,,,,
,,,1540096,,,,0.0,217.63,47,-263.2115478515625,4396,1.0291184842586518,350,,,,,,,,,,,,
-234.9188995361328,,0.0,1560000,143.1,,,,,,,,,,-0.0011017080396413803,0.740818202495575,0.00016242322308244184,0.3,0.06018773689866066,0.0023880685,0.0288726806640625,470,-4.256815433502197,0.5013033449649811,0.16919808000000003,7.073817600000001e-05
,,,1572864,,,,0.01,171.43,48,-243.18284606933594,4467,1.0434935212135314,352,,,,,,,,,,,,
-256.5603942871094,,0.0,1580000,184.5,,,,,,,,,,-0.0015287045389413834,0.740818202495575,-0.00012996468285564333,0.3,0.06197932157665491,0.002033364,0.0236572265625,480,-4.256815433502197,0.4873653054237366,0.16854272,7.0115584e-05
-233.37338256835938,,0.0,1600000,168.1,,,,,,,,1.009581333398819,,,,,,,,,,,,,
,,,1605632,,,,0.0,176.55,49,-248.0000457763672,4565,1.1314869463443755,351,,,,,,,,,,,,
-230.8530731201172,,0.0,1620000,137.8,,,,,,,,,,-0.009551404044032097,0.740818202495575,-0.0001846737795858644,0.3,0.05686011011712253,0.0024608956,0.029583740234375,490,-4.256815433502197,0.4900606870651245,0.16788736,6.9492992e-05
,,,1638400,,,0.9322385311126709,0.0,203.6,50,-254.19300842285156,4638,0.9322385311126709,353,,,,,,,,,,,,
-242.6815185546875,,0.0,1640000,137.9,,,,,,,,,,-0.0027291271835565567,0.740818202495575,-7.398275629384443e-05,0.3,0.05611367826350033,0.0020926762,0.0187835693359375,500,-4.256815433502197,0.5154234766960144,0.16723200000000002,6.887040000000001e-05
-241.8199920654297,,0.0,1660000,119.7,,,,,,,,0.9667528390884399,,,,,,,,,,,,,
,,,1671168,,,,0.0,211.5,51,-261.4974365234375,4729,1.0495107471942902,353,,,,,,,,,,,,
-247.23861694335938,,0.0,1680000,186.5,,,,,,,,,,-0.0032989662140607834,0.740818202495575,-8.70771284098737e-05,0.3,0.05932946731336415,0.0038027153,0.0413360595703125,510,-4.256815433502197,0.4660901427268982,0.16657664,6.824780800000001e-05
-272.1022644042969,,0.0,1700000,211.3,,,,,,,,1.128036332130432,,,,,,,,,,,,,
,,,1703936,,,,0.02,183.49,52,-246.80624389648438,4832,1.0585291266441346,352,,,,,,,,,,,,
-258.4576416015625,,0.0,1720000,182.2,,,,,,,,,,-0.0019419621676206589,0.740818202495575,-0.0004082033468876034,0.3,0.06136732148006559,0.0025691148,0.03277587890625,520,-4.256815433502197,0.4714365005493164,0.16592128,6.7625216e-05
,,,1736704,,,,0.0,187.02,53,-250.20611572265625,4907,0.9893033921718597,353,,,,,,,,,,,,
-237.68295288085938,,0.0,1740000,167.0,,,,,,,,,,-0.002462714910507202,0.740818202495575,-0.0005461869222926907,0.3,0.05768304164521396,0.0031373329,0.03758544921875,530,-4.256815433502197,0.5464192032814026,0.16526592,6.700262400000001e-05
-253.5365753173828,,0.0,1760000,198.1,,,,,,,,1.0826818525791169,,,,,,,,,,,,,
,,,1769472,,,,0.01,174.13,54,-250.96511840820312,5006,0.9828037023544312,353,,,,,,,,,,,,
-282.59393310546875,,0.0,1780000,226.3,,,,,,,,,,-0.0066530341282486916,0.740818202495575,-0.00015507748757954688,0.3,0.05931689599528909,0.0027229798,0.0325897216796875,540,-4.256815433502197,0.5417197942733765,0.16461056000000002,6.6380032e-05
-270.75262451171875,,0.0,1800000,209.3,,0.9162802934646607,,,,,,0.9162802934646607,,,,,,,,,,,,,
,,,1802240,,,,0.0,173.86,55,-249.41415405273438,5109,1.0330577611923217,352,,,,,,,,,,,,
-226.2375030517578,,0.0,1820000,137.7,,,,,,,,,,3.7398189306259155e-05,0.740818202495575,5.890250467928126e-05,0.3,0.055940630845725536,0.002615551,0.03319091796875,550,-4.256815433502197,0.5135759115219116,0.16395520000000002,6.575744e-05
,,,1835008,,,,0.0,192.65,56,-251.8896026611328,5182,0.9548613786697387,354,,,,,,,,,,,,
-237.89602661132812,,0.0,1840000,143.4,,,,,,,,,,-0.004306253045797348,0.740818202495575,-0.0005478839339048136,0.3,0.05552432141266763,0.002730513,0.0277008056640625,560,-4.256815433502197,0.5167684257030487,0.16329984,6.5134848e-05
-218.78726196289062,,0.0,1860000,121.6,,,,,,,,1.110706377029419,,,,,,,,,,,,,
,,,1867776,,,,0.0,189.11,57,-255.6947479248047,5271,0.9421823263168335,354,,,,,,,,,,,,
-241.40505981445312,,0.0,1880000,157.9,,,,,,,,,,-0.0025200825184583664,0.740818202495575,-0.00020465030247578396,0.3,0.06176058007404208,0.0020443592,0.0215087890625,570,-4.256815433502197,0.43997740745544434,0.16264448,6.4512256e-05
-241.97232055664062,,0.0,1900000,142.9,,,,,,,,1.1488340139389037,,,,,,,,,,,,,
,,,1900544,,,,0.0,163.61,58,-243.26458740234375,5365,1.0191811323165894,354,,,,,,,,,,,,
-237.5539093017578,,0.0,1920000,179.5,,,,,,,,,,-0.008069990202784538,0.740818202495575,-0.00028002901235595344,0.3,0.05765654863789678,0.003368293,0.0413604736328125,580,-4.256815433502197,0.47828561067581177,0.16198912000000001,6.3889664e-05
,,,1933312,,,,0.01,185.78,59,-251.4999237060547,5435,1.1775850892066955,355,,,,,,,,,,,,
-246.821533203125,,0.0,1940000,138.9,,,,,,,,,,0.0027766339480876923,0.740818202495575,-0.00012440681894076988,0.3,0.06175598707050085,0.0025909944,0.038018798828125,590,-4.256815433502197,0.4404340386390686,0.16133376,6.3267072e-05
-268.3765563964844,,0.0,1960000,199.2,,,,,,,,1.108640855550766,,,,,,,,,,,,,
,,,1966080,,,,0.0,197.6,60,-255.1080322265625,5533,1.0836033999919892,355,,,,,,,,,,,,
-239.38589477539062,,0.0,1980000,144.1,,,,,,,,,,-0.004249317571520805,0.740818202495575,-0.0003827064239885658,0.3,0.05717115825973451,0.0026183664,0.039892578125,600,-4.256815433502197,0.4587741494178772,0.1606784,6.264448e-05
,,,1998848,,,,0.0,168.96,61,-245.3222198486328,5601,1.000409597158432,356,,,,,,,,,,,,
-254.8299560546875,,0.0,2000000,176.6,,,,,,,,,,-0.003288108855485916,0.740818202495575,-0.0005990164179820567,0.3,0.059738098084926604,0.0023653405,0.03135986328125,610,-4.256815433502197,0.488635778427124,0.16002304,6.202188800000001e-05
-269.8137512207031,,0.0,2020000,219.9,,,,,,,,1.2156912565231324,,,,,,,,,,,,,
,,,2031616,,,,0.0,170.82,62,-243.77035522460938,5700,1.0116846561431885,356,,,,,,,,,,,,
-238.84426879882812,,0.0,2040000,167.6,,,,,,,,,,0.0006291940808296204,0.740818202495575,-0.0005350318053388037,0.3,0.06282667769119143,0.003563368,0.0502410888671875,620,-4.256815433502197,0.4480730891227722,0.15936768,6.1399296e-05
-261.3204345703125,,0.0,2060000,198.0,,,,,,,,1.1057988345623015,,,,,,,,,,,,,
,,,2064384,,,,0.0,157.31,63,-237.29762268066406,5799,1.2014232695102691,355,,,,,,,,,,,,
-243.7311248779297,,0.0,2080000,162.9,,,,,,,,,,-0.002652551978826523,0.740818202495575,-1.526142586953938e-05,0.3,0.05831356211565435,0.0018354198,0.028765869140625,630,-4.256815433502197,0.45672720670700073,0.15871232000000002,6.0776704e-05
,,,2097152,,,,0.01,164.37,64,-239.33926391601562,5872,1.1681884169578551,357,,,,,,,,,,,,
-207.1503448486328,,0.0,2100000,75.1,,,,,,,,,,-0.000731687992811203,0.740818202495575,-0.0001617337969946675,0.3,0.06541978321038186,0.0026502595,0.029620361328125,640,-4.256815433502197,0.423583984375,0.15805696000000002,6.015411200000001e-05
-258.84124755859375,,0.0,2120000,176.8,,,,,,,,1.285580086708069,,,,,,,,,,,,,
,,,2129920,,,,0.0,155.87,65,-240.7886199951172,5960,1.3376675724983216,357,,,,,,,,,,,,
-243.38766479492188,,0.0,2140000,218.0,,,,,,,,,,-0.004331722855567932,0.740818202495575,-0.0004377897508675233,0.3,0.06059203036129475,0.0019465733,0.02301025390625,650,-4.256815433502197,0.43066126108169556,0.15740160000000003,5.953152000000001e-05
-241.23428344726562,,0.0,2160000,176.0,,,,,,,,1.1459116518497467,,,,,,,,,,,,,
,,,2162688,,,,0.01,177.3,66,-247.5205841064453,6060,1.1911982297897339,356,,,,,,,,,,,,
-255.435791015625,,0.0,2180000,175.9,,,,,,,,,,-0.003352496773004532,0.740818202495575,-0.00035466200934024527,0.3,0.06223410591483116,0.0026577418,0.0255859375,660,-4.256815433502197,0.4304742217063904,0.15674624,5.8908928e-05
,,,2195456,,,,0.0,167.66,67,-240.2407684326172,6133,1.1377266228199006,357,,,,,,,,,,,,
-236.08120727539062,,0.0,2200000,160.8,,,,,,,,,,-0.008489381521940231,0.740818202495575,0.00013276387908263133,0.3,0.05919180107302964,0.0030597444,0.0375946044921875,670,-4.256815433502197,0.4635385274887085,0.15609088000000002,5.8286336e-05
-251.00857543945312,,0.0,2220000,197.3,,,,,,,,0.9707257807254791,,,,,,,,,,,,,
,,,2228224,,,,0.0,184.83,68,-247.7402801513672,6232,1.0797438204288483,357,,,,,,,,,,,,
-256.5386962890625,,0.0,2240000,197.5,,,,,,,,,,-0.004587443545460701,0.740818202495575,3.2589462352916596e-05,0.3,0.05794563335366547,0.001251454,0.014129638671875,680,-4.256815433502197,0.4137086868286133,0.15543552000000002,5.766374400000001e-05
-239.61190795898438,,0.0,2260000,155.7,,,,,,,,1.0375549733638763,,,,,,,,,,,,,
,,,2260992,,,,0.0,164.4,69,-246.5906982421875,6327,1.138643705844879,357,,,,,,,,,,,,
-251.7160186767578,,0.0,2280000,197.8,,,,,,,,,,-0.005165873095393181,0.740818202495575,-6.358991377055644e-05,0.3,0.05972702936269343,0.001975429,0.0297119140625,690,-4.256815433502197,0.37257689237594604,0.15478016,5.7041152e-05
,,,2293760,,,,0.0,169.46,70,-239.02676391601562,6400,1.2444245040416717,358,,,,,,,,,,,,
-260.3694763183594,,0.0,2300000,166.7,,,,,,,,,,-0.0006002858281135559,0.740818202495575,-0.00021202652715146542,0.3,0.05755669726058841,0.0014213871,0.01588134765625,700,-4.256815433502197,0.4466932415962219,0.1541248,5.641856e-05
-252.3261260986328,,0.0,2320000,197.7,,,,,,,,0.9418772876262664,,,,,,,,,,,,,
,,,2326528,,,,0.0,179.89,71,-248.1435546875,6500,1.0400988101959228,357,,,,,,,,,,,,
-248.56924438476562,,0.0,2340000,176.3,,,,,,,,,,-0.005648534744977951,0.740818202495575,-6.296274514170364e-05,0.3,0.05657380241900682,0.0011179039,0.0169677734375,710,-4.256815433502197,0.4670758843421936,0.15346944,5.5795968000000005e-05
,,,2359296,,,,0.0,183.13,72,-250.51568603515625,6571,1.0644042134284972,359,,,,,,,,,,,,
-251.8115997314453,,0.0,2360000,196.5,,,,,,,,,,-0.0024015959352254868,0.740818202495575,9.912967507261783e-05,0.3,0.058340506674721834,0.0019080444,0.0212005615234375,720,-4.256815433502197,0.4544926881790161,0.15281408000000002,5.517337600000001e-05
-238.7794952392578,,0.0,2380000,143.3,,,,,,,,1.0723024368286134,,,,,,,,,,,,,
,,,2392064,,,,0.0,184.57,73,-248.99754333496094,6671,1.111549401283264,358,,,,,,,,,,,,
-240.00155639648438,,0.0,2400000,157.7,,,,,,,,,,-0.008119228295981884,0.740818202495575,-0.000704308612330351,0.3,0.057921692030504346,0.0027731196,0.0327880859375,730,-4.256815433502197,0.41972434520721436,0.15215872,5.4550783999999996e-05
-245.2671356201172,,0.0,2420000,185.9,,,,,,,,1.142470395565033,,,,,,,,,,,,,
,,,2424832,,,,0.01,181.77,74,-249.11590576171875,6764,1.092357760667801,358,,,,,,,,,,,,
-245.28408813476562,,0.0,2440000,184.6,,,,,,,,,,-0.005455454811453819,0.740818202495575,9.498266445007176e-06,0.3,0.06286519160494208,0.0017996435,0.0234954833984375,740,-4.256815433502197,0.40392357110977173,0.15150336,5.3928192e-05
,,,2457600,,,,0.0,158.71,75,-239.24618530273438,6839,1.101335835456848,359,,,,,,,,,,,,
-256.4280700683594,,0.0,2460000,176.0,,,,,,,,,,-0.0040312036871910095,0.740818202495575,-0.00043008671927964316,0.3,0.059390375623479486,0.0015607141,0.0192840576171875,750,-4.256815433502197,0.44934284687042236,0.150848,5.330560000000001e-05
-234.12686157226562,,0.0,2480000,175.3,,,,,,,,1.096037322282791,,,,,,,,,,,,,
,,,2490368,,,,0.0,192.65,76,-260.428466796875,6938,0.9919176578521729,358,,,,,,,,,,,,
-222.75851440429688,,0.0,2500000,111.4,,,,,,,,,,-0.0054738931357860565,0.740818202495575,-0.0005919691728195175,0.3,0.05593386720865965,0.001969901,0.02568359375,760,-4.256815433502197,0.44995009899139404,0.15019264000000002,5.2683008e-05
-213.4454803466797,,0.0,2520000,90.1,,,,,,,,1.025802057981491,,,,,,,,,,,,,
,,,2523136,,,,0.01,178.06,77,-243.4286651611328,7024,1.106517392396927,359,,,,,,,,,,,,
-251.65676879882812,,0.0,2540000,154.8,,,,,,,,,,-0.0035221781581640244,0.740818202495575,-0.0003508427806082182,0.3,0.0657153063453734,0.0019500356,0.0221221923828125,770,-4.256815433502197,0.42283040285110474,0.14953728,5.2060416e-05
,,,2555904,,,,0.0,156.38,78,-235.05775451660156,7095,0.9949700891971588,360,,,,,,,,,,,,
-229.6590576171875,,0.0,2560000,117.1,,,,,,,,,,-0.005994129925966263,0.740818202495575,-0.0004279552289517596,0.3,0.06016545253805816,0.0016964856,0.021343994140625,780,-4.256815433502197,0.4269900321960449,0.14888192,5.1437824e-05
-225.51620483398438,,0.0,2580000,121.7,,,,,,,,1.037140715122223,,,,,,,,,,,,,
,,,2588672,,,,0.0,164.34,79,-245.16064453125,7185,1.038682109117508,360,,,,,,,,,,,,
-234.2672882080078,,0.0,2600000,144.8,,,,,,,,,,-0.007613378576934338,0.740818202495575,-0.0004129830311285332,0.3,0.05650282581336796,0.0019390779,0.0341644287109375,790,-4.256815433502197,0.47144436836242676,0.14822656,5.0815231999999995e-05
-264.35418701171875,,0.0,2620000,184.8,,,,,,,,1.0047692954540253,,,,,,,,,,,,,
,,,2621440,,,,0.0,186.32,80,-254.97727966308594,7286,1.0494927763938904,359,,,,,,,,,,,,
-227.2212371826172,,0.0,2640000,116.7,,,,,,,,,,-0.003945920616388321,0.740818202495575,-0.0001963096387044061,0.3,0.05984284142032266,0.0016017607,0.027099609375,800,-4.256815433502197,0.46811169385910034,0.1475712,5.019264000000001e-05
,,,2654208,,,,0.0,169.43,81,-248.63441467285156,7349,1.2707767605781555,361,,,,,,,,,,,,
-264.40155029296875,,0.0,2660000,179.2,,,,,,,,,,-0.006633899174630642,0.740818202495575,-0.0002958096854854375,0.3,0.05692263492383063,0.0016449713,0.02060546875,810,-4.256815433502197,0.5070006251335144,0.14691584000000002,4.9570048e-05
-233.75253295898438,,0.0,2680000,135.2,,,,,,,,1.0825902581214906,,,,,,,,,,,,,
,,,2686976,,,,0.01,167.55,82,-249.35841369628906,7439,1.0905779004096985,361,,,,,,,,,,,,
-265.6541442871094,,0.0,2700000,221.4,,,,,,,,,,-0.004412626847624779,0.740818202495575,-0.0005476700142025947,0.3,0.05807301606982947,0.0025339357,0.0333221435546875,820,-4.256815433502197,0.5297762155532837,0.14626048000000003,4.8947456000000005e-05
,,,2719744,,,,0.01,186.94,83,-250.9708251953125,7516,1.0491502583026886,361,,,,,,,,,,,,
-221.4207763671875,,0.0,2720000,141.7,,,,,,,,,,-0.007464111782610416,0.740818202495575,-0.00029637101251864804,0.3,0.056877871579490605,0.0025870637,0.042138671875,830,-4.256815433502197,0.5412624776363373,0.14560512,4.8324864000000004e-05
-237.2990264892578,,0.0,2740000,158.9,,,,,,,,1.0852459967136383,,,,,,,,,,,,,
,,,2752512,,,,0.02,164.55,84,-239.74365234375,7607,1.1610168278217317,361,,,,,,,,,,,,
-260.82257080078125,,0.0,2760000,200.4,,,,,,,,,,0.001110633835196495,0.740818202495575,-0.00025048101524589584,0.3,0.06048776698298752,0.0017632431,0.03095703125,840,-4.256815433502197,0.5069952309131622,0.14494976,4.770227200000001e-05
-215.61947631835938,,0.0,2780000,156.7,,,,,,,,1.0378988802433013,,,,,,,,,,,,,
,,,2785280,,,,0.0,168.27,85,-247.84693908691406,7700,1.2967565715312959,361,,,,,,,,,,,,
-244.0425567626953,,0.0,2800000,179.3,,,,,,,,,,-0.0037206001579761505,0.740818202495575,-0.00027209323743591083,0.3,0.06176275387406349,0.0016080874,0.0228271484375,850,-4.256815433502197,0.4888187646865845,0.14429440000000002,4.707968e-05
,,,2818048,,,,0.0,170.12,86,-241.2398681640625,7770,1.0297333478927613,362,,,,,,,,,,,,
-254.46316528320312,,0.0,2820000,186.6,,,,,,,,,,0.001333288848400116,0.740818202495575,-0.00013872969284420834,0.3,0.06118262126110494,0.0014663445,0.01993408203125,860,-4.256815433502197,0.46959173679351807,0.14363904,4.6457088e-05
-248.2301025390625,,0.0,2840000,156.8,,,,,,,,0.944959020614624,,,,,,,,,,,,,
,,,2850816,,,,0.01,180.85,87,-245.34117126464844,7871,0.982531726360321,362,,,,,,,,,,,,
-212.3323974609375,,0.0,2860000,104.1,,,,,,,,,,-0.002862893044948578,0.740818202495575,-0.000143400437082164,0.3,0.05813533775508404,0.0022259308,0.03677978515625,870,-4.256815433502197,0.5099651515483856,0.14298368,4.5834496000000005e-05
-231.50430297851562,,0.0,2880000,149.9,,,,,,,,0.9312430262565613,,,,,,,,,,,,,
,,,2883584,,,,0.01,172.04,88,-246.98468017578125,7960,0.9825830698013306,362,,,,,,,,,,,,
-245.64633178710938,,0.0,2900000,169.1,,,,,,,,,,-0.006913824938237667,0.740818202495575,-0.0002607636793982238,0.3,0.05946057112887502,0.0016118154,0.0200714111328125,880,-4.256815433502197,0.499861478805542,0.14232832,4.5211904e-05
,,,2916352,,,,0.03,173.02,89,-240.85699462890625,8035,0.9296694874763489,362,,,,,,,,,,,,
-229.38525390625,,0.0,2920000,124.0,,,,,,,,,,0.0037094485014677048,0.740818202495575,-1.2905690527986736e-05,0.3,0.06306542279198765,0.0018148518,0.02735595703125,890,-4.256815433502197,0.5156318843364716,0.14167296000000001,4.4589312e-05
-256.7394104003906,,0.0,2940000,184.0,,,,,,,,0.9375279545783997,,,,,,,,,,,,,
,,,2949120,,,,0.0,188.64,90,-250.3909149169922,8130,1.030660879611969,362,,,,,,,,,,,,
-243.8828887939453,,0.0,2960000,177.0,,,,,,,,,,-0.005364561453461647,0.740818202495575,-0.0005322342025465332,0.3,0.05590127441100776,0.0024358258,0.041387939453125,900,-4.256815433502197,0.5289676189422607,0.14101760000000002,4.396672e-05
-242.4601287841797,,0.0,2980000,169.1,,0.8272069752216339,,,,,,0.8272069752216339,,,,,,,,,,,,,
,,,2981888,,,,0.0,165.99,91,-242.63148498535156,8229,0.9021823704242706,362,,,,,,,,,,,,
-227.4048309326172,,0.0,3000000,125.8,,,,,,,,,,-0.006889717653393745,0.740818202495575,-0.00026383092044852675,0.3,0.059372023493051526,0.0013644445,0.0198822021484375,910,-4.256815433502197,0.5034319460391998,0.14036224000000003,4.334412800000001e-05
,,,3014656,,,,0.02,160.51,92,-238.62940979003906,8297,1.0625325441360474,363,,,,,,,,,,,,
-203.2810516357422,,0.0,3020000,74.2,,,,,,,,,,-0.001397848129272461,0.740818202495575,-0.000788536699838005,0.3,0.05824333443306386,0.0020494717,0.0283294677734375,920,-4.256815433502197,0.48024123907089233,0.13970688,4.2721536e-05
-248.7176971435547,,0.0,3040000,187.0,,,,,,,,0.9408923327922821,,,,,,,,,,,,,
,,,3047424,,,,0.01,155.39,93,-235.82176208496094,8387,1.0505366683006288,363,,,,,,,,,,,,
-228.9530792236328,,0.0,3060000,122.2,,,,,,,,,,-0.005449039861559868,0.740818202495575,0.00015110779349924996,0.3,0.05783979119732976,0.0017427027,0.032958984375,930,-4.256815433502197,0.5473634898662567,0.13905152,4.2098944e-05
-260.2517395019531,,0.0,3080000,177.2,,,,,,,,1.0674734175205232,,,,,,,,,,,,,
,,,3080192,,,0.8217064738273621,0.0,170.83,94,-242.3828125,8484,0.8217064738273621,363,,,,,,,,,,,,
-236.27188110351562,,0.1,3100000,176.8,,,,,,,,,,-0.007049206644296646,0.740818202495575,-0.0004628759663319215,0.3,0.059862616518512365,0.0020561786,0.0380584716796875,940,-4.256815433502197,0.4799111485481262,0.13839616000000002,4.1476352000000004e-05
,,,3112960,,,,0.02,192.84,95,-251.02781677246094,8558,0.9900379121303559,363,,,,,,,,,,,,
-241.5682373046875,,0.0,3120000,166.5,,,,,,,,,,-0.0007375087589025497,0.740818202495575,-3.770598850678652e-05,0.3,0.06867854329757392,0.0019814637,0.0449920654296875,950,-4.256815433502197,0.4537160396575928,0.1377408,4.0853759999999996e-05
-246.6722869873047,,0.0,3140000,164.7,,,,,,,,0.9082880020141602,,,,,,,,,,,,,
,,,3145728,,,,0.0,198.7,96,-253.2959442138672,8654,1.0506011724472046,363,,,,,,,,,,,,
-240.0435028076172,,0.0,3160000,138.6,,,,,,,,,,-0.0023724790662527084,0.740818202495575,-0.00032229505013674497,0.3,0.05562848509289324,0.0016331131,0.024444580078125,960,-4.256815433502197,0.5460124015808105,0.13708544,4.0231168e-05
,,,3178496,,,,0.0,162.05,97,-241.08035278320312,8726,0.9349801421165467,364,,,,,,,,,,,,
-243.56228637695312,,0.0,3180000,141.4,,,,,,,,,,-0.006045309826731682,0.740818202495575,6.36354016023688e-05,0.3,0.057982478337362406,0.0014900255,0.0246490478515625,970,-4.256815433502197,0.536290168762207,0.13643008,3.9608576e-05
-283.10345458984375,,0.0,3200000,199.1,,,,,,,,1.011550146341324,,,,,,,,,,,,,
,,,3211264,,,,0.0,167.9,98,-241.13011169433594,8824,0.8645052075386047,363,,,,,,,,,,,,
-246.443359375,,0.0,3220000,199.2,,,,,,,,,,-0.005893761292099953,0.740818202495575,-0.00034236599021824076,0.3,0.061131655937060714,0.001951349,0.04439697265625,980,-4.256815433502197,0.49631160497665405,0.13577472000000002,3.8985984000000005e-05
-229.90914916992188,,0.0,3240000,125.6,,,,,,,,1.0095418870449067,,,,,,,,,,,,,
,,,3244032,,,,0.01,156.29,99,-243.7333526611328,8915,1.1516557335853577,363,,,,,,,,,,,,
-235.8868865966797,,0.0,3260000,167.3,,,,,,,,,,-0.004522111266851425,0.740818202495575,-0.0001808825880289078,0.3,0.05905409473925829,0.0017125616,0.0253997802734375,990,-4.256815433502197,0.5010321140289307,0.13511936000000002,3.8363392000000004e-05
,,,3276800,,,,0.0,170.24,100,-243.56370544433594,8989,0.9392318308353425,364,,,,,,,,,,,,
-249.1980743408203,,0.0,3280000,183.9,,,,,,,,,,-0.004421016201376915,0.740818202495575,-4.948647401761264e-05,0.3,0.05601578583009541,0.0013502054,0.018585205078125,1000,-4.256815433502197,0.5076074600219727,0.134464,3.77408e-05
-237.5810546875,,0.0,3300000,140.5,,,,,,,,1.0429675161838532,,,,,,,,,,,,,
,,,3309568,,,,0.01,170.44,101,-244.6636505126953,9084,1.0750232934951782,364,,,,,,,,,,,,
-236.36428833007812,,0.0,3320000,155.6,,,,,,,,,,-0.005920439958572388,0.740818202495575,-0.0002539587745559402,0.3,0.06110122199170291,0.001971843,0.02236328125,1010,-4.256815433502197,0.4854620695114136,0.13380864,3.7118208e-05
-218.57479858398438,,0.0,3340000,122.1,,,,,,,,1.1326670885086059,,,,,,,,,,,,,
,,,3342336,,,,0.01,174.36,102,-247.69009399414062,9174,0.9691529691219329,364,,,,,,,,,,,,
-263.84600830078125,,0.0,3360000,211.8,,,,,,,,,,0.0009299106895923615,0.740818202495575,-0.00019949491834267974,0.3,0.0701383639127016,0.0010748841,0.0181640625,1020,-4.256815433502197,0.4956660270690918,0.13315327999999998,3.6495616e-05
,,,3375104,,,,0.0,167.75,103,-244.3094482421875,9246,1.028257632255554,365,,,,,,,,,,,,
-250.5998077392578,,0.0,3380000,164.5,,,,,,,,,,0.0029810182750225067,0.740818202495575,-0.0004843039539991878,0.3,0.058769331825897095,0.0012515013,0.023382568359375,1030,-4.256815433502197,0.5262534916400909,0.13249792,3.5873024e-05
-248.7345733642578,,0.0,3400000,162.8,,,,,,,,1.0221457362174988,,,,,,,,,,,,,
,,,3407872,,,,0.0,174.13,104,-244.67430114746094,9343,1.0147302329540253,364,,,,,,,,,,,,
-240.50772094726562,,0.0,3420000,141.7,,,,,,,,,,0.00017702579498291016,0.740818202495575,-0.00047603075217921286,0.3,0.05526204174384475,0.0014008188,0.019659423828125,1040,-4.256815433502197,0.5374284982681274,0.13184256,3.5250432e-05
-244.521240234375,,0.0,3440000,155.5,,,,,,,,0.9686591386795044,,,,,,,,,,,,,
,,,3440640,,,,0.0,162.09,105,-242.76097106933594,9437,0.9616973340511322,364,,,,,,,,,,,,
-246.2884521484375,,0.0,3460000,177.5,,,,,,,,,,-0.0041923802345991135,0.740818202495575,-0.0003563463324098848,0.3,0.05592489279806614,0.0016960814,0.0323150634765625,1050,-4.256815433502197,0.5130601525306702,0.1311872,3.462784000000001e-05
,,,3473408,,,,0.0,156.08,106,-241.5467529296875,9512,0.9308163702487946,365,,,,,,,,,,,,
-254.89697265625,,0.0,3480000,165.9,,,,,,,,,,-0.005455155856907368,0.740818202495575,-0.00017806085816118866,0.3,0.05923279006965458,0.001473752,0.0419952392578125,1060,-4.256815433502197,0.5192626118659973,0.13053184,3.4005247999999996e-05
-218.40524291992188,,0.0,3500000,104.6,,,,,,,,0.8424901306629181,,,,,,,,,,,,,
,,,3506176,,,,0.0,189.26,107,-253.49623107910156,9607,0.9617511212825776,364,,,,,,,,,,,,
-229.94784545898438,,0.0,3520000,167.7,,,,,,,,,,-0.007491035386919975,0.740818202495575,-0.00025011865509441125,0.3,0.06074808989651501,0.0014579458,0.025408935546875,1070,-4.256815433502197,0.5167467296123505,0.12987648000000002,3.338265600000001e-05
,,,3538944,,,,0.0,181.1,108,-246.40206909179688,9679,0.9310330331325531,365,,,,,,,,,,,,
-238.5277862548828,,0.0,3540000,128.3,,,,,,,,,,-0.00546623021364212,0.740818202495575,4.0561542846262455e-05,0.3,0.05651330058462918,0.0008248484,0.0129913330078125,1080,-4.256815433502197,0.5059671998023987,0.12922112000000002,3.2760064000000007e-05
-237.17758178710938,,0.0,3560000,181.6,,,,,,,,1.0952255189418794,,,,,,,,,,,,,
,,,3571712,,,,0.0,175.67,109,-244.0263671875,9767,1.1452119410037995,365,,,,,,,,,,,,
-250.22286987304688,,0.0,3580000,183.9,,,,,,,,,,-0.0027493778616189957,0.740818202495575,-0.00038893145756446756,0.3,0.051718642888590696,0.0015673423,0.02391357421875,1090,-4.256815433502197,0.5488404631614685,0.12856576,3.213747199999999e-05
-235.5896453857422,,0.0,3600000,123.6,,,,,,,,1.003406536579132,,,,,,,,,,,,,
,,,3604480,,,,0.0,158.23,110,-237.67544555664062,9861,0.9724490106105804,365,,,,,,,,,,,,
-258.33612060546875,,0.0,3620000,223.2,,,,,,,,,,-0.010043567977845669,0.740818202495575,-0.0002953901217551902,0.3,0.06255839075893163,0.0015690015,0.02689208984375,1100,-4.256815433502197,0.5254606306552887,0.1279104,3.1514880000000004e-05
,,,3637248,,,,0.0,163.32,111,-242.2292022705078,9936,1.0525964200496674,366,,,,,,,,,,,,
-237.3323516845703,,0.1,3640000,184.9,,,,,,,,,,-0.0026840567588806152,0.740818202495575,-0.00013958114286651834,0.3,0.06170480102300644,0.0013441057,0.019512939453125,1110,-4.256815433502197,0.5066250264644623,0.12725503999999999,3.0892288e-05
-263.76593017578125,,0.0,3660000,183.1,,,,,,,,1.0667334377765656,,,,,,,,,,,,,
,,,3670016,,,,0.0,160.66,112,-242.01617431640625,10032,0.9820491969585419,365,,,,,,,,,,,,
-246.9473114013672,,0.0,3680000,149.6,,,,,,,,,,-0.007646642625331879,0.740818202495575,-0.0004195090070425067,0.3,0.05726969256065786,0.001366386,0.033538818359375,1120,-4.256815433502197,0.5253760516643524,0.12659968,3.0269696e-05
-237.30050659179688,,0.0,3700000,175.2,,,,,,,,1.161712634563446,,,,,,,,,,,,,
,,,3702784,,,,0.0,154.07,113,-241.79933166503906,10126,0.9090726912021637,365,,,,,,,,,,,,
-239.13998413085938,,0.0,3720000,164.5,,,,,,,,,,-0.0036006122827529907,0.740818202495575,-0.00024299157521454618,0.3,0.05431722830981016,0.0014326801,0.0260986328125,1130,-4.256815433502197,0.5516419410705566,0.12594432,2.9647104e-05
,,,3735552,,,,0.0,179.49,114,-252.958984375,10193,1.172571951150894,366,,,,,,,,,,,,
-212.60397338867188,,0.0,3740000,96.0,,,,,,,,,,-0.011729370802640915,0.740818202495575,-0.0005304222489940002,0.3,0.04795172759331763,0.0014874026,0.0388671875,1140,-4.256815433502197,0.5655629634857178,0.12528896,2.9024512e-05
-255.9285888671875,,0.0,3760000,170.3,,,,,,,,0.8663015246391297,,,,,,,,,,,,,
,,,3768320,,,,0.0,165.21,115,-245.65895080566406,10283,1.0247358798980712,366,,,,,,,,,,,,
-239.70645141601562,,0.0,3780000,181.4,,,,,,,,,,-0.008984898217022419,0.740818202495575,-0.0005625522666377947,0.3,0.04963986752554774,0.0011495948,0.025091552734375,1150,-4.256815433502197,0.5658701062202454,0.12463360000000001,2.8401919999999998e-05
-251.6845703125,,0.0,3800000,184.5,,,,,,,,0.9389364182949066,,,,,,,,,,,,,
,,,3801088,,,,0.0,173.68,116,-246.62005615234375,10387,0.9227641880512237,365,,,,,,,,,,,,
-259.549560546875,,0.0,3820000,183.0,,,,,,,,,,-0.006630886346101761,0.740818202495575,-0.000480367241834756,0.3,0.05418661083094776,0.0013018015,0.026251220703125,1160,-4.256815433502197,0.5206298828125,0.12397824,2.7779327999999997e-05
,,,3833856,,,,0.0,187.12,117,-254.1732940673828,10462,0.9101853489875793,366,,,,,,,,,,,,
-228.05606079101562,,0.0,3840000,133.5,,,,,,,,,,-0.004006925970315933,0.740818202495575,-0.0005068659142125398,0.3,0.05988464215770364,0.0015680757,0.0345916748046875,1170,-4.256815433502197,0.4983440637588501,0.12332288000000001,2.7156735999999995e-05
-226.8525390625,,0.0,3860000,134.3,,,,,,,,0.9920967817306519,,,,,,,,,,,,,
,,,3866624,,,,0.01,180.88,118,-243.94146728515625,10552,1.165921151638031,366,,,,,,,,,,,,
-232.8163299560547,,0.0,3880000,134.5,,,,,,,,,,-0.0006637666374444962,0.740818202495575,-0.0003722957655554637,0.3,0.06151634640991688,0.0017159646,0.030865478515625,1180,-4.256815433502197,0.4941398501396179,0.12266752,2.6534143999999994e-05
,,,3899392,,,,0.0,170.92,119,-244.56781005859375,10622,0.9541138410568237,367,,,,,,,,,,,,
-220.47116088867188,,0.0,3900000,111.0,,,,,,,,,,-0.006560144014656544,0.740818202495575,-0.00018566745711723343,0.3,0.05481755398213863,0.0011779346,0.02142333984375,1190,-4.256815433502197,0.5161265730857849,0.12201216000000001,2.5911552000000007e-05
-215.9462432861328,,0.0,3920000,95.2,,,,,,,,1.0929445266723632,,,,,,,,,,,,,
,,,3932160,,,,0.02,158.04,120,-235.23690795898438,10703,0.9943443059921264,367,,,,,,,,,,,,
-253.2250518798828,,0.0,3940000,164.3,,,,,,,,,,-0.008372345939278603,0.740818202495575,-0.0002793373991153203,0.3,0.052117083594202994,0.0013135384,0.03892822265625,1200,-4.256815433502197,0.5491223633289337,0.1213568,2.5288960000000005e-05
-245.7570343017578,,0.0,3960000,161.2,,,,,,,,0.8998768985271454,,,,,,,,,,,,,
,,,3964928,,,,0.01,166.69,121,-246.0791778564453,10799,1.057435792684555,367,,,,,,,,,,,,
-254.69393920898438,,0.0,3980000,184.5,,,,,,,,,,-0.003459099680185318,0.740818202495575,-0.0002006796872592531,0.3,0.05742313233204186,0.0010203277,0.0195526123046875,1210,-4.256815433502197,0.5555599927902222,0.12070144000000001,2.4666368000000004e-05
,,,3997696,,,,0.01,169.44,122,-242.3096160888672,10874,0.9242697656154633,367,,,,,,,,,,,,
-254.1787872314453,,0.0,4000000,157.9,,,,,,,,,,-0.0004044249653816223,0.740818202495575,-0.00024061104195425287,0.3,0.05684725255705416,0.00087681983,0.021466064453125,1220,-4.256815433502197,0.5432913303375244,0.12004608,2.4043776000000003e-05
-241.5860595703125,,0.0,4020000,161.8,,,,,,,,0.9184331893920898,,,,,,,,,,,,,
,,,4030464,,,,0.0,179.12,123,-247.2875213623047,10972,0.85389843583107,367,,,,,,,,,,,,
-233.4610137939453,,0.0,4040000,147.3,,,,,,,,,,-0.0034844353795051575,0.740818202495575,-0.0004700528035755269,0.3,0.06397579424083233,0.0015637891,0.0450897216796875,1230,-4.256815433502197,0.4915040135383606,0.11939072,2.3421184e-05
-245.3634490966797,,0.0,4060000,146.4,,,,,,,,1.0613951563835144,,,,,,,,,,,,,
,,,4063232,,,,0.0,175.03,124,-240.41775512695312,11060,1.1029639303684236,367,,,,,,,,,,,,
-222.8380126953125,,0.0,4080000,114.4,,,,,,,,,,-0.00510044489055872,0.740818202495575,-0.00013585740234702825,0.3,0.054669789923354986,0.0013039315,0.0193450927734375,1240,-4.256815433502197,0.5318787395954132,0.11873536000000001,2.2798592e-05
,,,4096000,,,,0.0,165.62,125,-242.31857299804688,11125,1.0454209208488465,368,,,,,,,,,,,,
-239.27828979492188,,0.0,4100000,177.3,,,,,,,,,,-0.008289760909974575,0.740818202495575,-0.0005587917650700547,0.3,0.051556281093508,0.0014629022,0.0220916748046875,1250,-4.256815433502197,0.553600400686264,0.11808,2.2176e-05
-216.5115203857422,,0.0,4120000,116.3,,,,,,,,1.0160736203193665,,,,,,,,,,,,,
,,,4128768,,,,0.0,153.79,126,-238.23655700683594,11215,1.034487247467041,368,,,,,,,,,,,,
-264.55718994140625,,0.0,4140000,179.3,,,,,,,,,,-0.0045898351818323135,0.740818202495575,-5.122432776261121e-05,0.3,0.0603122363332659,0.00081668433,0.0104034423828125,1260,-4.256815433502197,0.525784820318222,0.11742464000000001,2.1553407999999998e-05
-250.696533203125,,0.0,4160000,168.4,,,,,,,,1.0505680203437806,,,,,,,,,,,,,
,,,4161536,,,0.8148957073688508,0.0,164.39,127,-236.6014862060547,11315,0.8148957073688508,367,,,,,,,,,,,,
-244.48556518554688,,0.0,4180000,154.4,,,,,,,,,,-0.008686930872499943,0.740818202495575,-0.0003612731394241564,0.3,0.04701638449914754,0.0012642156,0.0329193115234375,1270,-4.256815433502197,0.5781539082527161,0.11676928,2.0930815999999997e-05
,,,4194304,,,,0.01,170.8,128,-242.73699951171875,11388,0.935064721107483,368,,,,,,,,,,,,
-211.3745880126953,,0.0,4200000,98.0,,,,,,,,,,0.0004139058291912079,0.740818202495575,-0.00031726548477308827,0.3,0.058291327627375725,0.0008482262,0.014166259765625,1280,-4.256815433502197,0.5388568639755249,0.11611392000000001,2.030822400000001e-05
-254.46847534179688,,0.0,4220000,185.0,,,,,,,,0.9842524051666259,,,,,,,,,,,,,
,,,4227072,,,,0.0,189.49,129,-255.8557586669922,11477,1.0351111173629761,368,,,,,,,,,,,,
-231.9271240234375,,0.0,4240000,156.5,,,,,,,,,,-0.004663232713937759,0.740818202495575,-0.00029420702630886806,0.3,0.05393748078495264,0.0010956894,0.022344970703125,1290,-4.256815433502197,0.5238378942012787,0.11545856,1.9685631999999994e-05
,,,4259840,,,,0.01,172.38,130,-245.68670654296875,11546,1.00857954621315,368,,,,,,,,,,,,
-234.71542358398438,,0.0,4260000,141.8,,,,,,,,,,-0.005263650789856911,0.740818202495575,-0.00017060472164303063,0.3,0.0562364128883928,0.001103089,0.026812744140625,1300,-4.256815433502197,0.5134162902832031,0.11480320000000001,1.9063040000000006e-05
-236.7677001953125,,0.0,4280000,144.3,,,,,,,,0.9660813093185425,,,,,,,,,,,,,
,,,4292608,,,,0.01,170.96,131,-242.66766357421875,11643,0.8440543413162231,368,,,,,,,,,,,,
-242.02890014648438,,0.0,4300000,146.6,,,,,,,,,,-0.0038319583982229233,0.740818202495575,-0.00022780281287850812,0.3,0.062413095077499745,0.0011398767,0.0265960693359375,1310,-4.256815433502197,0.48124760389328003,0.11414784,1.8440448000000005e-05
-240.21701049804688,,0.0,4320000,150.4,,,,,,,,0.975905817747116,,,,,,,,,,,,,
,,,4325376,,,,0.0,160.49,132,-235.1168212890625,11738,0.9773303389549255,368,,,,,,,,,,,,
-222.966796875,,0.0,4340000,113.1,,,,,,,,,,-0.002366364002227783,0.740818202495575,-0.00020954757928848267,0.3,0.05570577210746706,0.00080985564,0.0170257568359375,1320,-4.256815433502197,0.4954540729522705,0.11349248,1.781785599999999e-05
,,,4358144,,,,0.0,158.62,133,-243.8295440673828,11803,1.002935004234314,369,,,,,,,,,,,,
-256.0588073730469,,0.0,4360000,207.1,,,,,,,,,,-0.007207832299172878,0.740818202495575,-0.0002095588410156779,0.3,0.050909036211669444,0.0010178039,0.0256927490234375,1330,-4.256815433502197,0.5181609392166138,0.11283712000000001,1.7195264000000003e-05
-240.3009033203125,,0.0,4380000,178.2,,,,,,,,1.0505885660648346,,,,,,,,,,,,,
,,,4390912,,,,0.02,162.03,134,-241.53689575195312,11902,0.8305690467357636,368,,,,,,,,,,,,
-240.0413055419922,,0.0,4400000,125.5,,,,,,,,,,-0.005911750718951225,0.740818202495575,-0.00017495910287834704,0.3,0.05978133636526763,0.0010511917,0.026409912109375,1340,-4.256815433502197,0.526260644197464,0.11218176,1.6572672e-05
-206.19189453125,,0.1,4420000,138.0,,,,,,,,0.9696721732616425,,,,,,,,,,,,,
,,,4423680,,,,0.0,167.13,135,-241.70050048828125,11990,1.0339684545993806,368,,,,,,,,,,,,
-232.467041015625,,0.0,4440000,128.5,,,,,,,,,,-0.005540588870644569,0.740818202495575,-0.0001421398512320593,0.3,0.05498386351391673,0.00096021424,0.020623779296875,1350,-4.256815433502197,0.5437926352024078,0.11152640000000001,1.595008e-05
,,,4456448,,,,0.01,179.37,136,-243.5819549560547,12059,1.1231221556663513,369,,,,,,,,,,,,
-243.22897338867188,,0.0,4460000,125.7,,,,,,,,,,-0.008533288724720478,0.740818202495575,-0.00022596731141675264,0.3,0.056594918668270114,0.001411891,0.034478759765625,1360,-4.256815433502197,0.5323392450809479,0.11087104,1.5327488e-05
-257.03839111328125,,0.0,4480000,181.8,,,,,,,,1.0119018077850341,,,,,,,,,,,,,
,,,4489216,,,,0.0,174.08,137,-244.5989990234375,12147,1.1925977051258088,369,,,,,,,,,,,,
-238.68875122070312,,0.0,4500000,143.5,,,,,,,,,,-0.005583042278885841,0.740818202495575,-0.00016783927640062757,0.3,0.056465262081474066,0.00092260377,0.029736328125,1370,-4.256815433502197,0.5345054566860199,0.11021568000000001,1.4704896000000011e-05
-230.7511749267578,,0.0,4520000,136.9,,,,,,,,0.9433924913406372,,,,,,,,,,,,,
,,,4521984,,,,0.0,167.27,138,-245.27220153808594,12243,1.0309797942638397,369,,,,,,,,,,,,
-238.2401580810547,,0.0,4540000,147.9,,,,,,,,,,-0.010357944294810295,0.740818202495575,-0.00033498811535537243,0.3,0.05457913656719029,0.0008769526,0.0198638916015625,1380,-4.256815433502197,0.5342292785644531,0.10956032,1.4082303999999997e-05
,,,4554752,,,,0.0,189.18,139,-251.83819580078125,12314,0.8556230187416076,369,,,,,,,,,,,,
-231.5442352294922,,0.0,4560000,120.2,,,,,,,,,,0.0007851608097553253,0.740818202495575,1.4545459998771549e-05,0.3,0.05746879163198173,0.0006923515,0.01624755859375,1390,-4.256815433502197,0.5221713483333588,0.10890496,1.3459711999999995e-05
-230.00473022460938,,0.0,4580000,130.0,,0.8012616753578186,,,,,,0.8012616753578186,,,,,,,,,,,,,
,,,4587520,,,,0.01,164.18,140,-242.64552307128906,12407,1.010216873884201,369,,,,,,,,,,,,
-242.8453369140625,,0.0,4600000,142.3,,,,,,,,,,-0.0004325937479734421,0.740818202495575,-7.58791880798526e-05,0.3,0.06037760013714433,0.00067442545,0.0127532958984375,1400,-4.256815433502197,0.5051687359809875,0.1082496,1.2837120000000008e-05
-242.5532684326172,,0.0,4620000,151.1,,,,,,,,1.0092541873455048,,,,,,,,,,,,,
,,,4620288,,,,0.0,162.46,141,-241.02169799804688,12497,1.1431503653526307,369,,,,,,,,,,,,
-238.9647674560547,,0.0,4640000,167.2,,,,,,,,,,-0.006791013292968273,0.740818202495575,-3.702324902405962e-05,0.3,0.053005845029838385,0.0008958137,0.012884521484375,1410,-4.256815433502197,0.512391209602356,0.10759424000000001,1.2214527999999993e-05
,,,4653056,,,,0.0,160.55,142,-236.9317169189453,12571,0.876239150762558,370,,,,,,,,,,,,
-224.33114624023438,,0.0,4660000,140.9,,,,,,,,,,-0.003745008260011673,0.740818202495575,-0.00018191520794061944,0.3,0.05735688116401434,0.0010667373,0.031268310546875,1420,-4.256815433502197,0.5166139304637909,0.10693888000000001,1.1591936000000005e-05
-237.92971801757812,,0.0,4680000,147.3,,,,,,,,1.055753517150879,,,,,,,,,,,,,
,,,4685824,,,,0.0,180.12,143,-246.2897491455078,12660,1.0223668038845062,370,,,,,,,,,,,,
-227.04556274414062,,0.0,4700000,167.1,,,,,,,,,,-0.0033757593482732773,0.740818202495575,-8.237704751081764e-05,0.3,0.059222124703228476,0.0007692969,0.0166839599609375,1430,-4.256815433502197,0.5049730837345123,0.10628352,1.0969344000000004e-05
,,,4718592,,,,0.0,178.13,144,-243.85531616210938,12729,1.0721982955932616,370,,,,,,,,,,,,
-230.613037109375,,0.0,4720000,143.3,,,,,,,,,,-0.005670199170708656,0.740818202495575,-0.00019639531383290886,0.3,0.05847440036013722,0.00074540183,0.024188232421875,1440,-4.256815433502197,0.4998033046722412,0.10562816000000001,1.0346752000000003e-05
-244.6449432373047,,0.0,4740000,184.8,,,,,,,,0.8080571532249451,,,,,,,,,,,,,
,,,4751360,,,,0.0,174.07,145,-244.9155731201172,12828,0.9167728900909424,370,,,,,,,,,,,,
-249.6381072998047,,0.0,4760000,145.0,,,,,,,,,,0.0007058233022689819,0.740818202495575,-0.00021718718635383994,0.3,0.06064148880541324,0.0007445652,0.0132904052734375,1450,-4.256815433502197,0.512424886226654,0.1049728,9.724160000000001e-06
-249.1526641845703,,0.0,4780000,148.8,,,,,,,,1.0501466870307923,,,,,,,,,,,,,
,,,4784128,,,,0.01,172.64,146,-238.9792938232422,12918,1.057692527770996,370,,,,,,,,,,,,
-202.7528839111328,,0.0,4800000,100.1,,,,,,,,,,-0.005168695002794266,0.740818202495575,-0.0002264527225634083,0.3,0.06695911064743995,0.0009129752,0.0191802978515625,1460,-4.256815433502197,0.4887447953224182,0.10431744,9.101568e-06
,,,4816896,,,,0.0,183.61,147,-247.35902404785156,12982,0.9880412995815278,371,,,,,,,,,,,,
-232.50732421875,,0.0,4820000,119.1,,,,,,,,,,-0.0007469635456800461,0.740818202495575,4.699465353041887e-06,0.3,0.060947624035179615,0.00070047245,0.0167327880859375,1470,-4.256815433502197,0.5078931748867035,0.10366208,8.478975999999999e-06
-239.8722381591797,,0.0,4840000,167.3,,,,,,,,0.9275789737701416,,,,,,,,,,,,,
,,,4849664,,,,0.0,172.94,148,-246.14300537109375,13077,0.9555077910423279,370,,,,,,,,,,,,
-230.3834228515625,,0.0,4860000,155.6,,,,,,,,,,-0.006302595138549805,0.740818202495575,-0.0003359438094776124,0.3,0.055225074058398604,0.00096381875,0.0302734375,1480,-4.256815433502197,0.5404013693332672,0.10300672,7.856383999999998e-06
-235.7584228515625,,0.0,4880000,121.0,,,,,,,,1.0813413321971894,,,,,,,,,,,,,
,,,4882432,,,,0.0,168.37,149,-251.06593322753906,13168,0.9632813096046448,370,,,,,,,,,,,,
-217.4912567138672,,0.0,4900000,92.0,,,,,,,,,,0.0013601724058389664,0.740818202495575,8.379435021197424e-05,0.3,0.05644468883983791,0.00059874036,0.0093505859375,1490,-4.256815433502197,0.5393565893173218,0.10235136,7.2337919999999965e-06
,,,4915200,,,,0.0,170.98,150,-241.48541259765625,13234,1.0369661509990693,371,,,,,,,,,,,,
-229.54721069335938,,0.0,4920000,129.1,,,,,,,,,,-0.005775214172899723,0.740818202495575,-0.00016268875915557147,0.3,0.05474148485809564,0.0007470659,0.0174560546875,1500,-4.256815433502197,0.547423928976059,0.10169600000000001,6.611199999999995e-06
-235.5648193359375,,0.0,4940000,137.2,,,,,,,,1.1382967591285706,,,,,,,,,,,,,
,,,4947968,,,,0.0,183.54,151,-250.0741729736328,13323,1.0353558957576752,371,,,,,,,,,,,,
-239.57974243164062,,0.0,4960000,160.3,,,,,,,,,,-0.006395857781171799,0.740818202495575,-0.00024961816670838745,0.3,0.05503414054401219,0.0008117017,0.016351318359375,1510,-4.256815433502197,0.5509947538375854,0.10104064000000001,5.9886080000000076e-06
-234.6030731201172,,0.0,4980000,145.1,,,,,,,,1.1647848606109619,,,,,,,,,,,,,
,,,4980736,,,,0.0,176.15,152,-249.60968017578125,13417,0.9131210446357727,371,,,,,,,,,,,,
-230.89120483398438,,0.0,5000000,121.7,,,,,,,,,,-0.0029694531112909317,0.740818202495575,-0.00025557758781360464,0.3,0.05877829575911164,0.0009100542,0.0258880615234375,1520,-4.256815433502197,0.5160849094390869,0.10038528000000001,5.366015999999993e-06
,,,5013504,,,,0.0,188.75,153,-252.1844482421875,13488,0.8200847446918488,371,,,,,,,,,,,,
