eval/success_rate,time/total_timesteps,eval/mean_ep_length,model/parameters,model/extractor_type,eval/mean_reward,time/time_elapsed,rollout/ep_rew_mean,time/fps,rollout/success_rate,eval/seq_prediction_mse,time/iterations,rollout/ep_len_mean,eval/best_seq_prediction_mse,train/explained_variance,train/clip_range_vf,train/entropy_loss,train/std,train/policy_gradient_loss,train/clip_fraction,train/n_updates,train/loss,train/approx_kl,train/learning_rate,train/clip_range,train/value_loss
0.0,20000,201.3,5865051,"TransformerFeaturesExtractor",-249.08847045898438,,,,,,,,,,,,,,,,,,,,
,32768,,,,,61,-256.4688415527344,533,0.0,1.072130662202835,1,225.83,1.072130662202835,,,,,,,,,,,,
0.0,40000,272.9,,,-297.9366149902344,,,,,,,,,0.14671987295150757,0.3,-4.256815433502197,0.740818202495575,0.16028660675510764,0.878265380859375,2,0.26188504695892334,1.1663797,9.9377408e-05,0.19934464000000002,0.7361617609858513
0.0,60000,126.7,,,-224.69790649414062,,,,,0.9471086442470551,,,0.9471086442470551,,,,,,,,,,,,
,65536,,,,,151,-256.2474670410156,432,0.0,1.130152827501297,2,217.43,,,,,,,,,,,,,
0.0,80000,234.4,,,-280.030517578125,,,,,,,,,0.4224775433540344,0.3,-4.256815433502197,0.740818202495575,0.21855905186384916,0.852081298828125,4,0.16315016150474548,0.8353305,9.8754816e-05,0.19868928000000002,0.1355128213763237
,98304,,,,,220,-249.42367553710938,446,0.0,0.9780055820941925,3,202.17,,,,,,,,,,,,,
0.0,100000,88.7,,,-217.238037109375,,,,,,,,,0.40332847833633423,0.3,-4.256815433502197,0.740818202495575,0.17152731120586395,0.8062896728515625,6,0.09265801310539246,0.48240787,9.8132224e-05,0.19803392,0.11203072685748339
0.0,120000,184.8,,,-245.8040771484375,,,,,0.9624623835086823,,,,,,,,,,,,,,,
,131072,,,,,305,-256.45672607421875,428,0.01,1.1028705298900605,4,213.68,,,,,,,,,,,,,
0.0,140000,238.4,,,-273.51678466796875,,,,,,,,,0.3619301915168762,0.3,-4.256815433502197,0.740818202495575,0.11717235390096903,0.7415313720703125,8,0.05569518357515335,0.30501032,9.750963200000001e-05,0.19737856,0.09416675893589854
0.0,160000,179.6,,,-250.25607299804688,,,,,1.076794159412384,,,,,,,,,,,,,,,
,163840,,,,,397,-269.4110412597656,412,0.0,1.1090839684009552,5,256.52,,,,,,,,,,,,,
0.0,180000,364.1,,,-283.2603454589844,,,,,,,,,0.24522030353546143,0.3,-4.256815433502197,0.740818202495575,0.09256272157654166,0.6842803955078125,10,0.01792839914560318,0.169531,9.688704e-05,0.19672320000000001,0.10966293513774872
,196608,,,,,474,-266.55938720703125,413,0.0,1.0217258930206299,6,334.76,,,,,,,,,,,,,
0.0,200000,325.9,,,-288.4237976074219,,,,,,,,,0.0994066596031189,0.3,-4.256815433502197,0.740818202495575,0.05011585098691285,0.5723419189453125,12,0.020704619586467743,0.080524616,9.626444800000001e-05,0.19606784000000002,0.24890975188463926
0.0,220000,183.2,,,-233.52456665039062,,,,,0.9990897715091706,,,,,,,,,,,,,,,
,229376,,,,,576,-275.2820129394531,397,0.0,0.8915447890758514,7,367.3,0.8915447890758514,,,,,,,,,,,,
0.0,240000,362.4,,,-291.0284729003906,,,,,,,,,0.004099786281585693,0.3,-4.256815433502197,0.740818202495575,0.03188823233358562,0.4889984130859375,14,0.02829175442457199,0.059053704,9.564185600000001e-05,0.19541248,0.3053009621798992
0.0,260000,362.5,,,-275.559326171875,,,,,1.0091518700122832,,,,,,,,,,,,,,,
,262144,,,,,690,-291.874267578125,379,0.0,0.861628794670105,8,380.81,0.861628794670105,,,,,,,,,,,,
0.0,280000,327.3,,,-292.4574279785156,,,,,,,,,0.04948413372039795,0.3,-4.256815433502197,0.740818202495575,0.034966912295203656,0.4706573486328125,16,0.007765628397464752,0.044482443,9.501926400000001e-05,0.19475712,0.25152076315134764
,294912,,,,,763,-299.62042236328125,386,0.0,0.9234039664268494,9,366.76,,,,,,,,,,,,,
0.0,300000,325.8,,,-282.29754638671875,,,,,,,,,0.018847644329071045,0.3,-4.256815433502197,0.740818202495575,0.011409252241719514,0.2850341796875,18,-0.012069135904312134,0.016766803,9.439667200000001e-05,0.19410176,0.2105601355433464
0.0,320000,289.2,,,-256.81280517578125,,,,,0.8790972232818604,,,,,,,,,,,,,,,
,327680,,,,,868,-282.45257568359375,377,0.0,0.7499244749546051,10,367.33,0.7499244749546051,,,,,,,,,,,,
0.0,340000,174.7,,,-248.05233764648438,,,,,,,,,0.05542868375778198,0.3,-4.256815433502197,0.740818202495575,0.006526406854391098,0.2278594970703125,20,-0.025529053062200546,0.014257931,9.377408e-05,0.19344640000000002,0.19372125435620546
0.0,360000,325.6,,,-281.16839599609375,,,,,0.8263975322246552,,,,,,,,,,,,,,,
,360448,,,,,969,-289.30487060546875,371,0.0,0.7369715988636016,11,359.92,0.7369715988636016,,,,,,,,,,,,
0.0,380000,280.0,,,-261.77984619140625,,,,,,,,,0.031442105770111084,0.3,-4.256815433502197,0.740818202495575,0.007792399701429531,0.2205352783203125,22,-0.022948160767555237,0.012970621,9.3151488e-05,0.19279104000000002,0.1841165879741311
,393216,,,,,1037,-295.5111999511719,379,0.0,0.6986204981803894,12,384.68,0.6986204981803894,,,,,,,,,,,,
0.0,400000,322.1,,,-280.50103759765625,,,,,,,,,0.011273980140686035,0.3,-4.256815433502197,0.740818202495575,0.004933614676701836,0.1744842529296875,24,-0.029312774538993835,0.009881533,9.2528896e-05,0.19213568,0.20187250431627035
0.0,420000,307.3,,,-297.85186767578125,,,,,0.6496257871389389,,,0.6496257871389389,,,,,,,,,,,,
,425984,,,,,1151,-293.20867919921875,370,0.0,0.671250832080841,13,380.96,,,,,,,,,,,,,
0.0,440000,319.8,,,-274.24066162109375,,,,,,,,,0.03979671001434326,0.3,-4.256815433502197,0.740818202495575,0.0037474826094694436,0.1435089111328125,26,-0.02731238305568695,0.008041478,9.1906304e-05,0.19148032,0.19223944749683142
,458752,,,,,1222,-292.3506774902344,375,0.0,0.6842794388532638,14,377.66,,,,,,,,,,,,,
0.0,460000,223.9,,,-271.984375,,,,,,,,,0.04614919424057007,0.3,-4.256815433502197,0.740818202495575,0.004324460889620241,0.15069580078125,28,-0.031909916549921036,0.008449098,9.1283712e-05,0.19082496000000002,0.17404332291334867
0.0,480000,318.9,,,-292.7536315917969,,,,,0.7788037478923797,,,,,,,,,,,,,,,
,491520,,,,,1321,-288.0826721191406,371,0.0,0.6257050186395645,15,374.25,0.6257050186395645,,,,,,,,,,,,
0.0,500000,309.9,,,-271.8116455078125,,,,,,,,,0.06487500667572021,0.3,-4.256815433502197,0.740818202495575,0.00384672153450083,0.1603546142578125,30,-0.032557860016822815,0.008922548,9.066112000000001e-05,0.19016960000000002,0.16492658108472824
0.0,520000,222.3,,,-252.8681640625,,,,,0.6959658622741699,,,,,,,,,,,,,,,
,524288,,,,,1423,-292.1350402832031,368,0.0,0.67564497590065,16,370.41,,,,,,,,,,,,,
0.0,540000,319.2,,,-262.1219177246094,,,,,,,,,0.09206610918045044,0.3,-4.256815433502197,0.740818202495575,0.004992216170649044,0.1456298828125,32,-0.033781908452510834,0.007539993,9.0038528e-05,0.18951424,0.1575735006481409
,557056,,,,,1497,-279.40301513671875,371,0.0,0.5260383039712906,17,356.26,0.5260383039712906,,,,,,,,,,,,
0.0,560000,356.1,,,-290.94488525390625,,,,,,,,,0.07142454385757446,0.3,-4.256815433502197,0.740818202495575,0.003475533245364204,0.1282196044921875,34,-0.04365688934922218,0.0071095144,8.9415936e-05,0.18885888,0.14344830345362425
0.0,580000,253.4,,,-268.62322998046875,,,,,0.6644607961177826,,,,,,,,,,,,,,,
,589824,,,,,1602,-287.2461853027344,368,0.0,0.6416626632213592,18,366.72,,,,,,,,,,,,,
0.0,600000,289.2,,,-285.3733215332031,,,,,,,,,0.07993710041046143,0.3,-4.256815433502197,0.740818202495575,0.003149594005662948,0.1430816650390625,36,-0.04422738403081894,0.008583461,8.879334400000001e-05,0.18820352,0.14016971457749605
0.0,620000,349.4,,,-307.2049865722656,,,,,0.5544488817453385,,,,,,,,,,,,,,,
,622592,,,,,1715,-273.99957275390625,363,0.0,0.5398574411869049,19,355.95,,,,,,,,,,,,,
0.0,640000,289.3,,,-279.47979736328125,,,,,,,,,0.0725942850112915,0.3,-4.256815433502197,0.740818202495575,0.0056982636015163735,0.16400146484375,38,-0.035638973116874695,0.008833865,8.8170752e-05,0.18754816000000002,0.15695474669337273
,655360,,,,,1785,-277.7642822265625,366,0.0,0.5908800899982453,20,370.37,,,,,,,,,,,,,
0.0,660000,326.0,,,-287.4984436035156,,,,,,,,,0.10046416521072388,0.3,-4.256815433502197,0.740818202495575,0.005219915881752968,0.1558990478515625,40,-0.028878677636384964,0.007079836,8.754816000000001e-05,0.18689280000000003,0.17736496683210135
0.0,680000,239.5,,,-269.51458740234375,,,,,0.6631429761648178,,,,,,,,,,,,,,,
,688128,,,,,1888,-283.4541931152344,364,0.0,0.6888737916946411,21,377.24,,,,,,,,,,,,,
0.0,700000,289.5,,,-257.70684814453125,,,,,,,,,0.07229840755462646,0.3,-4.256815433502197,0.740818202495575,0.0021553265978582203,0.109222412109375,42,-0.01651211827993393,0.006079302,8.6925568e-05,0.18623744,0.1877437299117446
0.0,720000,253.0,,,-250.47079467773438,,,,,0.6487051278352738,,,,,,,,,,,,,,,
,720896,,,,,1983,-280.3978576660156,363,0.0,0.6286849528551102,22,377.21,,,,,,,,,,,,,
0.0,740000,326.0,,,-262.82379150390625,,,,,,,,,0.058907389640808105,0.3,-4.256815433502197,0.740818202495575,0.0029295537678990513,0.1001739501953125,44,-0.0228223018348217,0.0056385817,8.6302976e-05,0.18558208,0.19045541621744633
,753664,,,,,2057,-288.8043518066406,366,0.0,0.62187060713768,23,384.55,,,,,,,,,,,,,
0.0,760000,217.0,,,-236.8060302734375,,,,,,,,,0.04622066020965576,0.3,-4.256815433502197,0.740818202495575,0.0013728529011132196,0.0849609375,46,-0.021408654749393463,0.0047478806,8.5680384e-05,0.18492672000000002,0.19134013913571835
0.0,780000,289.5,,,-276.9601745605469,,,,,0.6856063067913055,,,,,,,,,,,,,,,
,786432,,,,,2156,-288.31182861328125,364,0.0,0.6144257932901382,24,391.9,,,,,,,,,,,,,
0.0,800000,326.1,,,-281.4148864746094,,,,,,,,,0.05516326427459717,0.3,-4.256815433502197,0.740818202495575,0.0023119231482269242,0.079681396484375,48,-0.02274666726589203,0.0046314616,8.5057792e-05,0.18427136,0.19283193442970514
,819200,,,,,2232,-292.0552673339844,366,0.0,0.6119041919708252,25,395.61,,,,,,,,,,,,,
0.0,820000,289.8,,,-255.50277709960938,,,,,,,,,0.04871094226837158,0.3,-4.256815433502197,0.740818202495575,0.0015342685946961865,0.066009521484375,50,-0.024611521512269974,0.0040549096,8.44352e-05,0.183616,0.1939069302752614
0.0,840000,253.4,,,-250.6390380859375,,,,,0.6138627141714096,,,,,,,,,,,,,,,
,851968,,,,,2333,-290.4464111328125,365,0.0,0.6502639800310135,26,384.76,,,,,,,,,,,,,
0.0,860000,362.6,,,-306.55596923828125,,,,,,,,,0.06427586078643799,0.3,-4.256815433502197,0.740818202495575,0.0014744278450962156,0.053131103515625,52,-0.030430573970079422,0.0036438224,8.3812608e-05,0.18296064,0.18474503327161074
0.0,880000,216.8,,,-240.04421997070312,,,,,0.6168714255094528,,,,,,,,,,,,,,,
,884736,,,,,2438,-291.4768371582031,362,0.0,0.5489647388458252,27,388.22,,,,,,,,,,,,,
0.0,900000,326.2,,,-272.7579345703125,,,,,,,,,0.06715250015258789,0.3,-4.256815433502197,0.740818202495575,0.0017194503743667156,0.0821990966796875,54,-0.03125506266951561,0.0043525873,8.319001600000001e-05,0.18230528000000001,0.17324134148657322
,917504,,,,,2511,-289.2968444824219,365,0.0,0.6998740762472153,28,395.48,,,,,,,,,,,,,
0.0,920000,289.8,,,-264.5914611816406,,,,,,,,,0.06382137537002563,0.3,-4.256815433502197,0.740818202495575,0.0013905942032579333,0.07049560546875,56,-0.03839581087231636,0.004501269,8.2567424e-05,0.18164992000000002,0.16579995583742857
0.0,940000,289.8,,,-278.0534362792969,,,,,0.623703932762146,,,,,,,,,,,,,,,
,950272,,,,,2617,-293.08953857421875,363,0.0,0.6831125020980835,29,395.36,,,,,,,,,,,,,
0.0,960000,326.2,,,-272.46282958984375,,,,,,,,,0.08790856599807739,0.3,-4.256815433502197,0.740818202495575,0.001259374686924275,0.0842742919921875,58,-0.03567451238632202,0.0055044014,8.194483200000001e-05,0.18099456000000003,0.16082770563662052
0.0,980000,328.8,,,-287.7373352050781,,,,,0.6460704058408737,,,,,,,,,,,,,,,
,983040,,,,,2731,-293.58709716796875,359,0.0,0.6612598389387131,30,391.68,,,,,,,,,,,,,
0.0,1000000,399.0,,,-288.5549621582031,,,,,,,,,0.08443319797515869,0.3,-4.256815433502197,0.740818202495575,0.0015811710036359727,0.0598602294921875,60,-0.03579935058951378,0.0038616322,8.132224000000001e-05,0.1803392,0.1552443066611886
,1015808,,,,,2812,-289.5067138671875,361,0.0,0.60555399954319,31,399.0,,,,,,,,,,,,,
0.0,1020000,144.3,,,-223.77426147460938,,,,,,,,,0.06411778926849365,0.3,-4.256815433502197,0.740818202495575,0.0005624351470032707,0.0594024658203125,62,-0.0455261692404747,0.004012963,8.069964800000001e-05,0.17968384,0.14916037488728762
0.0,1040000,289.8,,,-273.91815185546875,,,,,0.7138452351093292,,,,,,,,,,,,,,,
,1048576,,,,,2905,-292.2773132324219,360,0.0,0.6581104159355163,32,399.0,,,,,,,,,,,,,
0.0,1060000,325.0,,,-275.3402099609375,,,,,,,,,0.0765569806098938,0.3,-4.256815433502197,0.740818202495575,0.001767499023117125,0.064910888671875,64,-0.04198572784662247,0.0041466462,8.0077056e-05,0.17902848000000002,0.14227904193103313
0.0,1080000,362.6,,,-264.41888427734375,,,,,0.6940703839063644,,,,,,,,,,,,,,,
,1081344,,,,,3019,-289.511962890625,358,0.0,0.7656709223985672,33,399.0,,,,,,,,,,,,,
0.0,1100000,252.1,,,-242.55130004882812,,,,,,,,,0.1108505129814148,0.3,-4.256815433502197,0.740818202495575,0.001559248281409964,0.059722900390625,66,-0.04133995994925499,0.0036921112,7.9454464e-05,0.17837312,0.13594644889235497
,1114112,,,,,3085,-293.3980712890625,361,0.0,0.7407082080841064,34,399.0,,,,,,,,,,,,,
0.0,1120000,363.3,,,-296.9373474121094,,,,,,,,,0.11066144704818726,0.3,-4.256815433502197,0.740818202495575,0.0014018103829585016,0.0662078857421875,68,-0.044109031558036804,0.0040965574,7.8831872e-05,0.17771776,0.12319892412051558
0.0,1140000,257.0,,,-244.45516967773438,,,,,0.6714888751506806,,,,,,,,,,,,,,,
,1146880,,,,,3194,-296.46661376953125,358,0.0,0.7317320853471756,35,399.0,,,,,,,,,,,,,
0.0,1160000,274.9,,,-262.99871826171875,,,,,,,,,0.13062834739685059,0.3,-4.256815433502197,0.740818202495575,0.0019180218369001523,0.0690765380859375,70,-0.05335383862257004,0.004007671,7.820928e-05,0.1770624,0.10802726726979017
,1179648,,,,,3262,-290.4319152832031,361,0.0,0.7332217633724213,36,399.0,,,,,,,,,,,,,
0.0,1180000,289.8,,,-256.0539245605469,,,,,,,,,0.1424596905708313,0.3,-4.256815433502197,0.740818202495575,0.0014066786316107027,0.0756378173828125,72,-0.05028115212917328,0.004559038,7.7586688e-05,0.17640704000000001,0.1015308047644794
0.0,1200000,309.2,,,-270.25482177734375,,,,,0.6591407030820846,,,,,,,,,,,,,,,
,1212416,,,,,3370,-284.8704833984375,359,0.0,0.5928221642971039,37,395.59,,,,,,,,,,,,,
0.0,1220000,289.8,,,-287.3477783203125,,,,,,,,,0.11328721046447754,0.3,-4.256815433502197,0.740818202495575,0.0012357142550172284,0.05303955078125,74,-0.05050966516137123,0.0033829655,7.6964096e-05,0.17575168000000002,0.09478300483897328
0.0,1240000,326.2,,,-287.2823791503906,,,,,0.7209355533123016,,,,,,,,,,,,,,,
,1245184,,,,,3477,-276.0611877441406,358,0.0,0.6985194951295852,38,399.0,,,,,,,,,,,,,
0.0,1260000,364.4,,,-282.2488708496094,,,,,,,,,0.1090705394744873,0.3,-4.256815433502197,0.740818202495575,0.001548081636428833,0.0595550537109375,76,-0.058790795505046844,0.0035520878,7.6341504e-05,0.17509632,0.08683439763262868
,1277952,,,,,3554,-289.2743225097656,359,0.0,0.7028245210647583,39,395.43,,,,,,,,,,,,,
0.0,1280000,258.1,,,-252.3018341064453,,,,,,,,,0.11675941944122314,0.3,-4.256815433502197,0.740818202495575,0.0012262471718713641,0.0489654541015625,78,-0.06181880086660385,0.0031800338,7.5718912e-05,0.17444096,0.08140078745782375
0.0,1300000,224.3,,,-256.5906066894531,,,,,0.7596058368682861,,,,,,,,,,,,,,,
,1310720,,,,,3651,-287.3798522949219,358,0.0,0.7719760328531265,40,399.0,,,,,,,,,,,,,
0.0,1320000,328.2,,,-270.01617431640625,,,,,,,,,0.12098360061645508,0.3,-4.256815433502197,0.740818202495575,0.0010701619903557003,0.0511932373046875,80,-0.0625266432762146,0.003419979,7.509632000000001e-05,0.1737856,0.07764750020578504
0.0,1340000,290.8,,,-265.99761962890625,,,,,0.674165454506874,,,,,,,,,,,,,,,
,1343488,,,,,3761,-287.3143615722656,357,0.0,0.6727417021989822,41,399.0,,,,,,,,,,,,,
0.0,1360000,291.9,,,-248.6583251953125,,,,,,,,,0.11007672548294067,0.3,-4.256815433502197,0.740818202495575,0.0017170099163195118,0.0507965087890625,82,-0.06145191192626953,0.0030522728,7.447372800000001e-05,0.17313024000000002,0.07529034139588475
,1376256,,,,,3833,-284.2720031738281,358,0.01,0.6319728910923004,42,396.4,,,,,,,,,,,,,
0.0,1380000,399.0,,,-306.90740966796875,,,,,,,,,0.14088362455368042,0.3,-4.256815433502197,0.740818202495575,0.00050941071822308,0.0597076416015625,84,-0.06538315117359161,0.0035683021,7.3851136e-05,0.17247488,0.07204619515687227
0.0,1400000,330.6,,,-290.8526306152344,,,,,0.5777975380420685,,,,,,,,,,,,,,,
,1409024,,,,,3954,-292.83465576171875,356,0.0,0.7127079635858535,43,399.0,,,,,,,,,,,,,
0.0,1420000,293.8,,,-265.5334777832031,,,,,,,,,0.15554356575012207,0.3,-4.256815433502197,0.740818202495575,0.0010623191483318806,0.0425872802734375,86,-0.060738109052181244,0.003091218,7.3228544e-05,0.17181952,0.07107154140248895
0.0,1440000,328.8,,,-279.3616027832031,,,,,0.740800940990448,,,,,,,,,,,,,,,
,1441792,,,,,4061,-293.7087707519531,355,0.0,0.7503882825374604,44,391.73,,,,,,,,,,,,,
0.0,1460000,329.0,,,-271.2654724121094,,,,,,,,,0.14473384618759155,0.3,-4.256815433502197,0.740818202495575,0.000732540269382298,0.06048583984375,88,-0.06149601191282272,0.0039577875,7.2605952e-05,0.17116416,0.07304949080571532
,1474560,,,,,4135,-293.9740905761719,356,0.0,0.7139171898365021,45,399.0,,,,,,,,,,,,,
0.0,1480000,293.7,,,-269.76434326171875,,,,,,,,,0.11616671085357666,0.3,-4.256815433502197,0.740818202495575,0.0007455057166225743,0.0402679443359375,90,-0.06260029226541519,0.0029402734,7.198335999999999e-05,0.17050880000000002,0.06673023151233792
0.0,1500000,316.3,,,-271.7525329589844,,,,,0.6844227135181427,,,,,,,,,,,,,,,
,1507328,,,,,4245,-296.42108154296875,355,0.0,0.7250510185956955,46,395.4,,,,,,,,,,,,,
0.0,1520000,258.9,,,-260.4139404296875,,,,,,,,,0.13423645496368408,0.3,-4.256815433502197,0.740818202495575,0.0005437932559289038,0.041717529296875,92,-0.06701424717903137,0.002846674,7.1360768e-05,0.16985344000000002,0.06487124902196229
0.0,1540000,329.0,,,-275.59442138671875,,,,,0.7100201189517975,,,,,,,,,,,,,,,
,1540096,,,,,4354,-290.7703552246094,353,0.0,0.7846277475357055,47,395.4,,,,,,,,,,,,,
0.1,1560000,356.2,,,-262.50128173828125,,,,,,,,,0.137473464012146,0.3,-4.256815433502197,0.740818202495575,0.0005156992701813579,0.0368804931640625,94,-0.06901641190052032,0.0024454384,7.073817600000001e-05,0.16919808000000003,0.05990479770116508
,1572864,,,,,4431,-286.16424560546875,354,0.0,0.6977434873580932,48,395.38,,,,,,,,,,,,,
0.0,1580000,294.2,,,-280.77642822265625,,,,,,,,,0.11678844690322876,0.3,-4.256815433502197,0.740818202495575,0.0005779860803158954,0.0384368896484375,96,-0.06794232130050659,0.0026316456,7.0115584e-05,0.16854272,0.06239658943377435
0.0,1600000,293.7,,,-251.28488159179688,,,,,0.6598349899053574,,,,,,,,,,,,,,,
,1605632,,,,,4540,-289.8912048339844,353,0.0,0.6442342311143875,49,399.0,,,,,,,,,,,,,
0.0,1620000,291.1,,,-255.2581329345703,,,,,,,,,0.16675764322280884,0.3,-4.256815433502197,0.740818202495575,0.0007147519718273543,0.0324859619140625,98,-0.06729427725076675,0.0024223956,6.9492992e-05,0.16788736,0.05923432018607855
,1638400,,,,,4612,-298.6055603027344,355,0.0,0.7417867422103882,50,392.01,,,,,,,,,,,,,
0.0,1640000,351.3,,,-293.98699951171875,,,,,,,,,0.1647050976753235,0.3,-4.256815433502197,0.740818202495575,0.00011925959552172571,0.0409088134765625,100,-0.06956791877746582,0.0026258195,6.887040000000001e-05,0.16723200000000002,0.05634569167159498
0.1,1660000,299.6,,,-258.092041015625,,,,,0.7635881960391998,,,,,,,,,,,,,,,
,1671168,,,,,4718,-290.000732421875,354,0.0,0.695780149102211,51,395.37,,,,,,,,,,,,,
0.0,1680000,258.8,,,-268.01690673828125,,,,,,,,,0.1491643190383911,0.3,-4.256815433502197,0.740818202495575,0.0008410640148213133,0.0355377197265625,102,-0.06760959327220917,0.0026526605,6.824780800000001e-05,0.16657664,0.055259676184505224
0.0,1700000,294.0,,,-261.67169189453125,,,,,0.6924291789531708,,,,,,,,,,,,,,,
,1703936,,,,,4824,-287.9508056640625,353,0.0,0.6517730236053467,52,399.0,,,,,,,,,,,,,
0.0,1720000,329.1,,,-276.3390808105469,,,,,,,,,0.09751778841018677,0.3,-4.256815433502197,0.740818202495575,0.0010220979966106825,0.036956787109375,104,-0.06776795536279678,0.0024355683,6.7625216e-05,0.16592128,0.049794858088716865
,1736704,,,,,4899,-289.7068176269531,354,0.0,0.6927339375019074,53,398.99,,,,,,,,,,,,,
0.0,1740000,224.1,,,-243.47335815429688,,,,,,,,,0.10701113939285278,0.3,-4.256815433502197,0.740818202495575,0.00022975557658355683,0.028106689453125,106,-0.07043661922216415,0.002177691,6.700262400000001e-05,0.16526592,0.050289172446355224
0.0,1760000,259.4,,,-267.83856201171875,,,,,0.7089865922927856,,,,,,,,,,,,,,,
,1769472,,,,,4999,-288.0487976074219,353,0.0,0.7113353192806244,54,398.94,,,,,,,,,,,,,
0.0,1780000,329.2,,,-268.99603271484375,,,,,,,,,0.1581133008003235,0.3,-4.256815433502197,0.740818202495575,0.0003225973850931041,0.03466796875,108,-0.06991873681545258,0.0025162566,6.6380032e-05,0.16461056000000002,0.05061520100571215
0.0,1800000,294.3,,,-261.0252380371094,,,,,0.6850283086299896,,,,,,,,,,,,,,,
,1802240,,,,,5110,-283.747314453125,352,0.0,0.7640785276889801,55,395.07,,,,,,,,,,,,,
0.0,1820000,364.9,,,-273.24407958984375,,,,,,,,,0.1412714123725891,0.3,-4.256815433502197,0.740818202495575,0.0004161977703915909,0.0434417724609375,110,-0.07161463052034378,0.002639345,6.575744e-05,0.16395520000000002,0.04555752268061042
,1835008,,,,,5187,-283.17010498046875,353,0.0,0.7388127386569977,56,395.18,,,,,,,,,,,,,
0.0,1840000,294.0,,,-266.15338134765625,,,,,,,,,0.13467490673065186,0.3,-4.256815433502197,0.740818202495575,0.000733809225494042,0.045654296875,112,-0.06973959505558014,0.002774526,6.5134848e-05,0.16329984,0.045717862667515874
0.0,1860000,259.3,,,-243.2647705078125,,,,,0.7403895854949951,,,,,,,,,,,,,,,
,1867776,,,,,5287,-282.2806701660156,353,0.0,0.7532366871833801,57,398.98,,,,,,,,,,,,,
0.0,1880000,223.9,,,-241.410888671875,,,,,,,,,0.16993016004562378,0.3,-4.256815433502197,0.740818202495575,0.0008042258414207026,0.03509521484375,114,-0.07021231949329376,0.0021001995,6.4512256e-05,0.16264448,0.043445405550301075
0.0,1900000,329.0,,,-275.01556396484375,,,,,0.6472768783569336,,,,,,,,,,,,,,,
,1900544,,,,,5395,-285.5849914550781,352,0.02,0.6387701213359833,58,393.93,,,,,,,,,,,,,
0.0,1920000,328.8,,,-261.13690185546875,,,,,,,,,0.1195685863494873,0.3,-4.256815433502197,0.740818202495575,0.00014925168943591416,0.0410003662109375,116,-0.07246334105730057,0.0022678198,6.3889664e-05,0.16198912000000001,0.04341396735981107
,1933312,,,,,5468,-288.4707336425781,353,0.02,0.767968338727951,59,390.43,,,,,,,,,,,,,
0.0,1940000,326.2,,,-272.7086181640625,,,,,,,,,0.14984101057052612,0.3,-4.256815433502197,0.740818202495575,0.0005765257374150679,0.040496826171875,118,-0.07247959077358246,0.002523445,6.3267072e-05,0.16133376,0.04247766174376011
0.0,1960000,362.6,,,-303.15179443359375,,,,,0.7505928754806519,,,,,,,,,,,,,,,
,1966080,,,,,5583,-288.6412658691406,352,0.0,0.7567364752292634,60,399.0,,,,,,,,,,,,,
0.0,1980000,328.8,,,-262.0030212402344,,,,,,,,,0.15131759643554688,0.3,-4.256815433502197,0.740818202495575,0.000496324646519497,0.0407257080078125,120,-0.07132960110902786,0.0024489225,6.264448e-05,0.1606784,0.04534796602092683
,1998848,,,,,5655,-293.72528076171875,353,0.0,0.7619097352027893,61,399.0,,,,,,,,,,,,,
0.0,2000000,328.8,,,-280.11968994140625,,,,,,,,,0.13921701908111572,0.3,-4.256815433502197,0.740818202495575,0.0005455718419398181,0.041900634765625,122,-0.07163364440202713,0.0025406764,6.202188800000001e-05,0.16002304,0.04144688812084496
0.0,2020000,223.5,,,-244.6006622314453,,,,,0.788052636384964,,,,,,,,,,,,,,,
,2031616,,,,,5757,-298.8238525390625,352,0.0,0.7660058379173279,62,399.0,,,,,,,,,,,,,
0.0,2040000,280.9,,,-253.18466186523438,,,,,,,,,0.13275933265686035,0.3,-4.256815433502197,0.740818202495575,0.001315303597948514,0.0344696044921875,124,-0.07039707899093628,0.0022201953,6.1399296e-05,0.15936768,0.043840107740834355
0.0,2060000,329.3,,,-286.0251770019531,,,,,0.7982918620109558,,,,,,,,,,,,,,,
,2064384,,,,,5866,-290.6141662597656,351,0.01,0.681338632106781,63,391.6,,,,,,,,,,,,,
0.0,2080000,254.7,,,-238.8787841796875,,,,,,,,,0.1570712924003601,0.3,-4.256815433502197,0.740818202495575,0.0011673150875139982,0.061370849609375,126,-0.07203039526939392,0.0033460918,6.0776704e-05,0.15871232000000002,0.042674916330724955
,2097152,,,,,5929,-283.0631103515625,353,0.0,0.8181365966796875,64,388.34,,,,,,,,,,,,,
0.0,2100000,364.0,,,-275.7009582519531,,,,,,,,,0.13396966457366943,0.3,-4.256815433502197,0.740818202495575,0.0005536250464501791,0.040924072265625,128,-0.07191435992717743,0.00263941,6.015411200000001e-05,0.15805696000000002,0.043542186031118035
0.0,2120000,294.0,,,-272.16912841796875,,,,,0.6662397921085358,,,,,,,,,,,,,,,
,2129920,,,,,6045,-293.636962890625,352,0.0,0.7876839697360992,65,388.31,,,,,,,,,,,,,
0.0,2140000,364.0,,,-283.82794189453125,,,,,,,,,0.14479392766952515,0.3,-4.256815433502197,0.740818202495575,0.0008628977811895311,0.0400390625,130,-0.07222071290016174,0.0023618145,5.953152000000001e-05,0.15740160000000003,0.04420751496218145
0.0,2160000,328.9,,,-274.8343200683594,,,,,0.7464593529701233,,,,,,,,,,,,,,,
,2162688,,,,,6154,-282.525146484375,351,0.0,0.7872645795345307,66,395.4,,,,,,,,,,,,,
0.0,2180000,259.0,,,-255.8706512451172,,,,,,,,,0.175373375415802,0.3,-4.256815433502197,0.740818202495575,0.0004402827034937218,0.040557861328125,132,-0.07404634356498718,0.002030705,5.8908928e-05,0.15674624,0.04031266178935766
,2195456,,,,,6222,-289.3505859375,352,0.0,0.8303837597370147,67,391.97,,,,,,,,,,,,,
0.0,2200000,346.0,,,-278.99285888671875,,,,,,,,,0.1572210192680359,0.3,-4.256815433502197,0.740818202495575,0.0003619261406129226,0.0418243408203125,134,-0.07170281559228897,0.0023471832,5.8286336e-05,0.15609088000000002,0.03867417015135288
0.0,2220000,294.0,,,-256.9220275878906,,,,,0.7125992596149444,,,,,,,,,,,,,,,
,2228224,,,,,6332,-275.0415344238281,351,0.0,0.7228849232196808,68,391.84,,,,,,,,,,,,,
0.0,2240000,329.0,,,-279.17340087890625,,,,,,,,,0.13092190027236938,0.3,-4.256815433502197,0.740818202495575,3.191088035237044e-05,0.0296173095703125,136,-0.07453922927379608,0.0017883457,5.766374400000001e-05,0.15543552000000002,0.03977990569546819
0.0,2260000,294.0,,,-263.59649658203125,,,,,0.8834231078624726,,,,,,,,,,,,,,,
,2260992,,,,,6436,-281.056396484375,351,0.0,0.7347562313079834,69,388.17,,,,,,,,,,,,,
0.0,2280000,295.7,,,-259.06378173828125,,,,,,,,,0.14847689867019653,0.3,-4.256815433502197,0.740818202495575,0.000862371816765517,0.032745361328125,138,-0.07246364653110504,0.0017471765,5.7041152e-05,0.15478016,0.04078940348699689
,2293760,,,,,6510,-283.8704528808594,352,0.0,0.7294348239898681,70,388.36,,,,,,,,,,,,,
0.0,2300000,259.0,,,-260.4808654785156,,,,,,,,,0.12039107084274292,0.3,-4.256815433502197,0.740818202495575,0.0003954110070480965,0.0333251953125,140,-0.07372279465198517,0.001930546,5.641856e-05,0.1541248,0.037898728623986244
0.0,2320000,309.5,,,-280.83355712890625,,,,,0.7440548598766327,,,,,,,,,,,,,,,
,2326528,,,,,6613,-282.0483703613281,351,0.0,0.8174328148365021,71,395.42,,,,,,,,,,,,,
0.0,2340000,364.0,,,-299.28924560546875,,,,,,,,,0.16160112619400024,0.3,-4.256815433502197,0.740818202495575,0.0011697051231749356,0.0450286865234375,142,-0.07495023310184479,0.002357969,5.5795968000000005e-05,0.15346944,0.03615859826095402
,2359296,,,,,6690,-280.6630859375,352,0.01,0.7569566905498505,72,383.21,,,,,,,,,,,,,
0.0,2360000,364.0,,,-291.0356140136719,,,,,,,,,0.1151132583618164,0.3,-4.256815433502197,0.740818202495575,0.0010681534913601354,0.0316925048828125,144,-0.07065975666046143,0.0018844269,5.517337600000001e-05,0.15281408000000002,0.04010070697404444
0.0,2380000,294.0,,,-233.72567749023438,,,,,0.795647257566452,,,,,,,,,,,,,,,
,2392064,,,,,6800,-283.63128662109375,351,0.01,0.740602332353592,73,397.48,,,,,,,,,,,,,
0.0,2400000,294.0,,,-268.69622802734375,,,,,,,,,0.12191510200500488,0.3,-4.256815433502197,0.740818202495575,0.000983219113550149,0.0366058349609375,146,-0.07367096096277237,0.001979718,5.4550783999999996e-05,0.15215872,0.037511724629439414
0.0,2420000,294.0,,,-283.3234558105469,,,,,0.7657032251358032,,,,,,,,,,,,,,,
,2424832,,,,,6908,-279.9128723144531,350,0.0,0.7673741161823273,74,391.83,,,,,,,,,,,,,
0.0,2440000,224.0,,,-233.4481964111328,,,,,,,,,0.11196571588516235,0.3,-4.256815433502197,0.740818202495575,0.0006946038702153601,0.0377044677734375,148,-0.07331053912639618,0.0021877242,5.3928192e-05,0.15150336,0.037571064196527004
,2457600,,,,,6975,-272.26239013671875,352,0.0,0.7253274321556091,75,391.83,,,,,,,,,,,,,
0.0,2460000,294.0,,,-268.5615539550781,,,,,,,,,0.11164534091949463,0.3,-4.256815433502197,0.740818202495575,0.0007680310955038294,0.037567138671875,150,-0.07216596603393555,0.001910661,5.330560000000001e-05,0.150848,0.035583753837272525
0.0,2480000,344.5,,,-278.55731201171875,,,,,0.8373640835285187,,,,,,,,,,,,,,,
,2490368,,,,,7079,-295.4848937988281,351,0.0,0.7829424142837524,76,391.82,,,,,,,,,,,,,
0.0,2500000,329.0,,,-260.67791748046875,,,,,,,,,0.15518009662628174,0.3,-4.256815433502197,0.740818202495575,0.0005788072157884017,0.0355682373046875,152,-0.07498937100172043,0.0018758256,5.2683008e-05,0.15019264000000002,0.033536165254190564
0.0,2520000,274.6,,,-257.7694091796875,,,,,0.7580603420734405,,,,,,,,,,,,,,,
,2523136,,,,,7183,-283.2896423339844,351,0.0,0.7998035371303558,77,391.84,,,,,,,,,,,,,
0.0,2540000,223.8,,,-255.1069793701172,,,,,,,,,0.14511847496032715,0.3,-4.256815433502197,0.740818202495575,0.001219313642650377,0.03961181640625,154,-0.07241061329841614,0.002040083,5.2060416e-05,0.14953728,0.03237034135963768
,2555904,,,,,7250,-277.42987060546875,352,0.0,0.6881213963031769,78,377.47,,,,,,,,,,,,,
0.0,2560000,270.5,,,-266.55633544921875,,,,,,,,,0.1428447961807251,0.3,-4.256815433502197,0.740818202495575,0.0004893320146948099,0.0525970458984375,156,-0.07617799937725067,0.002390269,5.1437824e-05,0.14888192,0.03414468583650887
0.0,2580000,344.4,,,-293.1578674316406,,,,,0.8155551493167877,,,,,,,,,,,,,,,
,2588672,,,,,7358,-285.123291015625,351,0.0,0.8295712172985077,79,384.74,,,,,,,,,,,,,
0.0,2600000,239.2,,,-248.87747192382812,,,,,,,,,0.12467336654663086,0.3,-4.256815433502197,0.740818202495575,0.0005143706657690927,0.04315185546875,158,-0.075414277613163,0.0021293182,5.0815231999999995e-05,0.14822656,0.033696632948704064
0.0,2620000,325.6,,,-287.0140686035156,,,,,0.8440647602081299,,,,,,,,,,,,,,,
,2621440,,,,,7459,-278.97235107421875,351,0.0,0.7721857905387879,80,384.63,,,,,,,,,,,,,
0.0,2640000,310.9,,,-262.7605285644531,,,,,,,,,0.16448581218719482,0.3,-4.256815433502197,0.740818202495575,0.0009586495943949558,0.0468902587890625,160,-0.07455301284790039,0.0020339505,5.019264000000001e-05,0.1475712,0.03286714409478009
,2654208,,,,,7533,-283.8266296386719,352,0.0,0.7419776976108551,81,388.42,,,,,,,,,,,,,
0.0,2660000,364.0,,,-271.8992919921875,,,,,,,,,0.13680416345596313,0.3,-4.256815433502197,0.740818202495575,0.0006860345529275946,0.0501861572265625,162,-0.07674958556890488,0.0024139658,4.9570048e-05,0.14691584000000002,0.030380985350348055
0.0,2680000,363.9,,,-260.8988037109375,,,,,0.8547558188438416,,,,,,,,,,,,,,,
,2686976,,,,,7652,-285.718017578125,351,0.0,0.7736343562602996,82,391.93,,,,,,,,,,,,,
0.0,2700000,309.4,,,-280.2755126953125,,,,,,,,,0.11130315065383911,0.3,-4.256815433502197,0.740818202495575,0.0008356479811482131,0.0467529296875,164,-0.07657573372125626,0.0021566725,4.8947456000000005e-05,0.14626048000000003,0.030556023819372058
,2719744,,,,,7725,-274.8009033203125,352,0.0,0.6651549518108368,83,381.17,,,,,,,,,,,,,
0.0,2720000,306.8,,,-271.4295959472656,,,,,,,,,0.10929250717163086,0.3,-4.256815433502197,0.740818202495575,0.0009171179190161638,0.04425048828125,166,-0.07698219269514084,0.0018904039,4.8324864000000004e-05,0.14560512,0.03135397518053651
0.0,2740000,256.0,,,-247.72579956054688,,,,,0.7885726392269135,,,,,,,,,,,,,,,
,2752512,,,,,7830,-283.7191162109375,351,0.0,0.7529747188091278,84,384.52,,,,,,,,,,,,,
0.0,2760000,292.4,,,-246.33456420898438,,,,,,,,,0.12265616655349731,0.3,-4.256815433502197,0.740818202495575,0.0012103890912840143,0.0482177734375,168,-0.07665491849184036,0.0022870349,4.770227200000001e-05,0.14494976,0.030038246302865446
0.0,2780000,257.4,,,-261.33770751953125,,,,,0.7216904401779175,,,,,,,,,,,,,,,
,2785280,,,,,7934,-292.4586181640625,351,0.0,0.8377274513244629,85,388.08,,,,,,,,,,,,,
0.0,2800000,309.4,,,-263.1146545410156,,,,,,,,,0.13366490602493286,0.3,-4.256815433502197,0.740818202495575,0.0011563590451260097,0.0619964599609375,170,-0.0763300284743309,0.0022643444,4.707968e-05,0.14429440000000002,0.0278875493677333
,2818048,,,,,8007,-289.628173828125,351,0.0,0.7593152642250061,86,388.32,,,,,,,,,,,,,
0.0,2820000,259.0,,,-253.06607055664062,,,,,,,,,0.10989093780517578,0.3,-4.256815433502197,0.740818202495575,0.0012066517992934678,0.0720977783203125,172,-0.07716719061136246,0.0025371967,4.6457088e-05,0.14363904,0.027147548622451723
0.0,2840000,246.9,,,-272.5483093261719,,,,,0.7609844088554383,,,,,,,,,,,,,,,
,2850816,,,,,8108,-282.78973388671875,351,0.0,0.798276150226593,87,384.95,,,,,,,,,,,,,
0.0,2860000,328.9,,,-277.87774658203125,,,,,,,,,0.14512819051742554,0.3,-4.256815433502197,0.740818202495575,0.0013589314476121217,0.0569305419921875,174,-0.07672210782766342,0.0019618752,4.5834496000000005e-05,0.14298368,0.027086110902018845
0.0,2880000,379.4,,,-289.7334899902344,,,,,0.7415638446807862,,,,,,,,,,,,,,,
,2883584,,,,,8223,-283.2646484375,350,0.0,0.8074468314647675,88,388.01,,,,,,,,,,,,,
0.0,2900000,293.8,,,-262.52801513671875,,,,,,,,,0.13754063844680786,0.3,-4.256815433502197,0.740818202495575,0.0007742567686364055,0.043243408203125,176,-0.07885168492794037,0.001849999,4.5211904e-05,0.14232832,0.024506272398866713
,2916352,,,,,8295,-282.2732849121094,351,0.0,0.8158862829208374,89,366.86,,,,,,,,,,,,,
0.0,2920000,258.7,,,-268.29058837890625,,,,,,,,,0.1033862829208374,0.3,-4.256815433502197,0.740818202495575,0.0008097597165033221,0.0503082275390625,178,-0.07568396627902985,0.0020172438,4.4589312e-05,0.14167296000000001,0.0304736114339903
0.0,2940000,223.8,,,-253.8608856201172,,,,,0.7434387385845185,,,,,,,,,,,,,,,
,2949120,,,,,8394,-283.6153259277344,351,0.0,0.7013154327869415,90,381.35,,,,,,,,,,,,,
0.0,2960000,362.6,,,-269.0945129394531,,,,,,,,,0.14049917459487915,0.3,-4.256815433502197,0.740818202495575,0.00072651264781598,0.04852294921875,180,-0.0765869989991188,0.0021962612,4.396672e-05,0.14101760000000002,0.022684099269099534
0.0,2980000,399.0,,,-295.5519104003906,,,,,0.7804863750934601,,,,,,,,,,,,,,,
,2981888,,,,,8514,-277.5960693359375,350,0.0,0.8443251609802246,91,381.68,,,,,,,,,,,,,
0.0,3000000,287.4,,,-257.52947998046875,,,,,,,,,0.14488255977630615,0.3,-4.256815433502197,0.740818202495575,0.0006373812502715737,0.061431884765625,182,-0.07871740311384201,0.0025593382,4.334412800000001e-05,0.14036224000000003,0.025187737308442593
,3014656,,,,,8583,-282.8161926269531,351,0.0,0.8750777423381806,92,388.24,,,,,,,,,,,,,
0.0,3020000,252.3,,,-268.5058898925781,,,,,,,,,0.11114233732223511,0.3,-4.256815433502197,0.740818202495575,0.0010115378390764818,0.0472564697265625,184,-0.0783378854393959,0.0020295302,4.2721536e-05,0.13970688,0.020891063613817096
0.0,3040000,203.9,,,-234.80471801757812,,,,,0.8475080072879791,,,,,,,,,,,,,,,
,3047424,,,,,8678,-277.7328796386719,351,0.0,0.8763721287250519,93,367.3,,,,,,,,,,,,,
0.0,3060000,288.1,,,-270.9775695800781,,,,,,,,,0.11131048202514648,0.3,-4.256815433502197,0.740818202495575,0.0004138738149777055,0.052947998046875,186,-0.07702116668224335,0.0021301864,4.2098944e-05,0.13905152,0.02650364418514073
0.0,3080000,289.8,,,-258.14495849609375,,,,,0.912871390581131,,,,,,,,,,,,,,,
,3080192,,,,,8783,-279.6314392089844,350,0.0,0.7839855134487153,94,374.08,,,,,,,,,,,,,
0.0,3100000,307.5,,,-268.7882080078125,,,,,,,,,0.05938851833343506,0.3,-4.256815433502197,0.740818202495575,0.0012214766611577943,0.0796966552734375,188,-0.07575440406799316,0.0024885004,4.1476352000000004e-05,0.13839616000000002,0.021564643131569028
,3112960,,,,,8852,-286.26641845703125,351,0.0,0.8658632516860962,95,381.23,,,,,,,,,,,,,
0.0,3120000,326.2,,,-275.96624755859375,,,,,,,,,0.13646697998046875,0.3,-4.256815433502197,0.740818202495575,0.001305667268752586,0.056060791015625,190,-0.07942185550928116,0.0022011949,4.0853759999999996e-05,0.1377408,0.018544909777119756
0.0,3140000,200.2,,,-246.5625,,,,,0.8270938992500305,,,,,,,,,,,,,,,
,3145728,,,,,8951,-291.406494140625,351,0.0,0.9543721377849579,96,384.65,,,,,,,,,,,,,
0.0,3160000,326.2,,,-275.7003479003906,,,,,,,,,0.1910284161567688,0.3,-4.256815433502197,0.740818202495575,0.001065500866388902,0.0567474365234375,192,-0.079786017537117,0.0022596153,4.0231168e-05,0.13708544,0.019868857110850513
,3178496,,,,,9027,-291.16748046875,352,0.0,0.7272222399711609,97,381.4,,,,,,,,,,,,,
0.0,3180000,253.4,,,-270.76409912109375,,,,,,,,,0.15894180536270142,0.3,-4.256815433502197,0.740818202495575,0.0008336504106409848,0.054046630859375,194,-0.07957746833562851,0.0019095757,3.9608576e-05,0.13643008,0.020372332248371094
0.0,3200000,306.8,,,-259.05401611328125,,,,,0.8366004645824432,,,,,,,,,,,,,,,
,3211264,,,,,9128,-282.14434814453125,351,0.0,0.7877403736114502,98,380.84,,,,,,,,,,,,,
0.0,3220000,362.6,,,-298.1751403808594,,,,,,,,,0.1470787525177002,0.3,-4.256815433502197,0.740818202495575,0.0005747095710830763,0.0565643310546875,196,-0.07724549621343613,0.002039816,3.8985984000000005e-05,0.13577472000000002,0.021077877143397927
0.0,3240000,250.9,,,-256.0428161621094,,,,,0.7937815487384796,,,,,,,,,,,,,,,
,3244032,,,,,9237,-280.2535400390625,351,0.01,0.8655085265636444,99,381.55,,,,,,,,,,,,,
0.0,3260000,346.2,,,-274.1811828613281,,,,,,,,,0.17053961753845215,0.3,-4.256815433502197,0.740818202495575,0.0004107126878807321,0.0458984375,198,-0.07689034938812256,0.0018268574,3.8363392000000004e-05,0.13511936000000002,0.019434227724559605
,3276800,,,,,9310,-283.09197998046875,351,0.0,0.8668691337108612,100,373.93,,,,,,,,,,,,,
0.0,3280000,256.5,,,-288.0328674316406,,,,,,,,,0.10348069667816162,0.3,-4.256815433502197,0.740818202495575,0.0003715699422173202,0.0447540283203125,200,-0.07722712308168411,0.0016842519,3.77408e-05,0.134464,0.022738698171451688
0.0,3300000,214.6,,,-252.7781219482422,,,,,0.7842601418495179,,,,,,,,,,,,,,,
,3309568,,,,,9408,-283.5546569824219,351,0.0,0.8243986666202545,101,377.56,,,,,,,,,,,,,
0.0,3320000,198.9,,,-230.8206329345703,,,,,,,,,0.11565268039703369,0.3,-4.256815433502197,0.740818202495575,-0.00012507537030614913,0.0524749755859375,202,-0.07891426980495453,0.0022352394,3.7118208e-05,0.13380864,0.021575088147073984
0.0,3340000,289.8,,,-269.11260986328125,,,,,0.7919085919857025,,,,,,,,,,,,,,,
,3342336,,,,,9507,-288.28533935546875,351,0.0,0.8798731148242951,102,391.82,,,,,,,,,,,,,
0.0,3360000,362.6,,,-283.52508544921875,,,,,,,,,0.17026138305664062,0.3,-4.256815433502197,0.740818202495575,0.0011370789434295148,0.0499420166015625,204,-0.08002455532550812,0.0016999664,3.6495616e-05,0.13315327999999998,0.017196702305227518
,3375104,,,,,9585,-280.54541015625,352,0.0,0.7129784107208252,103,388.31,,,,,,,,,,,,,
0.0,3380000,217.9,,,-233.1217041015625,,,,,,,,,0.16734200716018677,0.3,-4.256815433502197,0.740818202495575,0.0007945301913423464,0.0564727783203125,206,-0.08001714944839478,0.0017121716,3.5873024e-05,0.13249792,0.019197655376046896
0.0,3400000,289.8,,,-273.41571044921875,,,,,0.7594708859920501,,,,,,,,,,,,,,,
,3407872,,,,,9688,-278.2711486816406,351,0.0,0.8042175471782684,104,366.56,,,,,,,,,,,,,
0.0,3420000,255.3,,,-255.6977081298828,,,,,,,,,0.14367932081222534,0.3,-4.256815433502197,0.740818202495575,0.0009886496045510285,0.0608367919921875,208,-0.07827693223953247,0.0019665766,3.5250432e-05,0.13184256,0.023813163279555738
0.0,3440000,270.5,,,-258.2463684082031,,,,,0.9029457569122314,,,,,,,,,,,,,,,
,3440640,,,,,9789,-284.54144287109375,351,0.0,0.7496562123298645,105,367.07,,,,,,,,,,,,,
0.0,3460000,252.4,,,-255.9064483642578,,,,,,,,,0.1390286087989807,0.3,-4.256815433502197,0.740818202495575,0.001417118779500015,0.080780029296875,210,-0.07720287144184113,0.002255126,3.462784000000001e-05,0.1311872,0.025446109008044004
,3473408,,,,,9858,-272.5010681152344,352,0.0,0.7828364729881286,106,366.99,,,,,,,,,,,,,
0.0,3480000,214.9,,,-252.0126495361328,,,,,,,,,0.15654951333999634,0.3,-4.256815433502197,0.740818202495575,0.0007240788690978661,0.06854248046875,212,-0.07537856698036194,0.002089893,3.4005247999999996e-05,0.13053184,0.027101947576738894
0.0,3500000,253.4,,,-266.54815673828125,,,,,0.7313788294792175,,,,,,,,,,,,,,,
,3506176,,,,,9956,-286.8866882324219,352,0.0,0.8681166291236877,107,381.11,,,,,,,,,,,,,
0.0,3520000,270.6,,,-275.21539306640625,,,,,,,,,0.1721656322479248,0.3,-4.256815433502197,0.740818202495575,0.0013386139835347421,0.074554443359375,214,-0.07927719503641129,0.0021607112,3.338265600000001e-05,0.12987648000000002,0.022866412880830467
,3538944,,,,,10024,-288.2884216308594,353,0.0,0.8782663404941559,108,381.34,,,,,,,,,,,,,
0.0,3540000,234.4,,,-258.52899169921875,,,,,,,,,0.17412644624710083,0.3,-4.256815433502197,0.740818202495575,0.0008466588769806549,0.0667572021484375,216,-0.0784234032034874,0.0018745895,3.2760064000000007e-05,0.12922112000000002,0.021096193930134177
0.0,3560000,233.3,,,-262.54302978515625,,,,,0.752224326133728,,,,,,,,,,,,,,,
,3571712,,,,,10125,-274.642333984375,352,0.0,0.8275205492973328,109,355.93,,,,,,,,,,,,,
0.0,3580000,270.6,,,-264.79327392578125,,,,,,,,,0.1460389494895935,0.3,-4.256815433502197,0.740818202495575,-7.036948227323592e-05,0.0569610595703125,218,-0.07620476931333542,0.0019658017,3.213747199999999e-05,0.12856576,0.02973918302450329
0.0,3600000,215.5,,,-241.64108276367188,,,,,0.8427938938140869,,,,,,,,,,,,,,,
,3604480,,,,,10222,-274.3683776855469,352,0.0,0.8330544650554657,110,371.06,,,,,,,,,,,,,
0.0,3620000,216.1,,,-236.411376953125,,,,,,,,,0.18316233158111572,0.3,-4.256815433502197,0.740818202495575,0.0010209034735453315,0.062286376953125,220,-0.07765108346939087,0.0020243255,3.1514880000000004e-05,0.1279104,0.024056273512542248
,3637248,,,,,10287,-293.2361145019531,353,0.0,0.8286962509155273,111,388.42,,,,,,,,,,,,,
0.0,3640000,309.1,,,-278.77581787109375,,,,,,,,,0.17983096837997437,0.3,-4.256815433502197,0.740818202495575,0.0005531891365535557,0.05169677734375,222,-0.07889017462730408,0.0016713794,3.0892288e-05,0.12725503999999999,0.01617971673840657
0.0,3660000,289.8,,,-253.8433837890625,,,,,0.8603939652442932,,,,,,,,,,,,,,,
,3670016,,,,,10391,-276.3494567871094,353,0.0,0.8222565889358521,112,388.44,,,,,,,,,,,,,
0.0,3680000,296.1,,,-290.51348876953125,,,,,,,,,0.19891202449798584,0.3,-4.256815433502197,0.740818202495575,0.0003122262787655927,0.052947998046875,224,-0.07891933619976044,0.0017811838,3.0269696e-05,0.12659968,0.0200905897654593
0.0,3700000,296.3,,,-270.30438232421875,,,,,0.8879321634769439,,,,,,,,,,,,,,,
,3702784,,,,,10499,-276.44677734375,352,0.0,0.8624338805675507,113,366.83,,,,,,,,,,,,,
0.0,3720000,288.7,,,-246.1101531982422,,,,,,,,,0.14993780851364136,0.3,-4.256815433502197,0.740818202495575,0.0007720098219579086,0.0601806640625,226,-0.07675604522228241,0.0018577923,2.9647104e-05,0.12594432,0.026287377579137683
,3735552,,,,,10569,-269.7853698730469,353,0.0,0.8795174539089203,114,352.54,,,,,,,,,,,,,
0.0,3740000,261.7,,,-272.87451171875,,,,,,,,,0.15134960412979126,0.3,-4.256815433502197,0.740818202495575,0.000490753271151334,0.0692596435546875,228,-0.07489541172981262,0.0020577498,2.9024512e-05,0.12528896,0.031063270405866206
0.0,3760000,198.3,,,-250.81149291992188,,,,,0.8572684526443481,,,,,,,,,,,,,,,
,3768320,,,,,10666,-276.596435546875,353,0.0,0.7600160479545593,115,370.11,,,,,,,,,,,,,
0.0,3780000,216.0,,,-246.5478057861328,,,,,,,,,0.1816970705986023,0.3,-4.256815433502197,0.740818202495575,0.0006472974855569191,0.0616607666015625,230,-0.07823130488395691,0.0018723679,2.8401919999999998e-05,0.12463360000000001,0.023397084092721343
0.0,3800000,217.7,,,-262.46319580078125,,,,,0.8614857912063598,,,,,,,,,,,,,,,
,3801088,,,,,10757,-276.8880920410156,353,0.0,0.9420571267604828,116,367.35,,,,,,,,,,,,,
0.0,3820000,235.6,,,-263.2756042480469,,,,,,,,,0.17489612102508545,0.3,-4.256815433502197,0.740818202495575,0.00032757715962361544,0.0548553466796875,232,-0.07722462713718414,0.0017008508,2.7779327999999997e-05,0.12397824,0.02684176026377827
,3833856,,,,,10821,-277.3330993652344,354,0.0,0.9541484773159027,117,352.9,,,,,,,,,,,,,
0.0,3840000,307.0,,,-266.79498291015625,,,,,,,,,0.12225711345672607,0.3,-4.256815433502197,0.740818202495575,0.0004621611878974363,0.0675811767578125,234,-0.07232019305229187,0.0022601176,2.7156735999999995e-05,0.12332288000000001,0.030997434514574707
0.0,3860000,216.5,,,-254.22512817382812,,,,,0.9288861930370331,,,,,,,,,,,,,,,
,3866624,,,,,10924,-275.97406005859375,353,0.0,0.7127768754959106,118,370.6,,,,,,,,,,,,,
0.0,3880000,319.3,,,-282.4569396972656,,,,,,,,,0.18320155143737793,0.3,-4.256815433502197,0.740818202495575,0.0007207357120933011,0.0489959716796875,236,-0.0784883126616478,0.0014856991,2.6534143999999994e-05,0.12266752,0.023109305766411126
,3899392,,,,,10998,-277.7834167480469,354,0.0,0.8255617618560791,119,356.67,,,,,,,,,,,,,
0.0,3900000,273.2,,,-273.8462829589844,,,,,,,,,0.13037711381912231,0.3,-4.256815433502197,0.740818202495575,0.0004409528337419033,0.06390380859375,238,-0.07498131692409515,0.0020680586,2.5911552000000007e-05,0.12201216000000001,0.02939280413556844
0.0,3920000,284.6,,,-271.4443359375,,,,,0.8116761744022369,,,,,,,,,,,,,,,
,3932160,,,,,11103,-271.72686767578125,354,0.0,0.7955064177513123,120,352.68,,,,,,,,,,,,,
0.0,3940000,270.4,,,-281.2043151855469,,,,,,,,,0.16827166080474854,0.3,-4.256815433502197,0.740818202495575,0.000728433980839327,0.044097900390625,240,-0.07722838222980499,0.0013355005,2.5288960000000005e-05,0.1213568,0.029199070297181606
0.0,3960000,253.0,,,-260.5684509277344,,,,,0.9570481777191162,,,,,,,,,,,,,,,
,3964928,,,,,11203,-278.767822265625,353,0.0,0.8952192664146423,121,374.02,,,,,,,,,,,,,
0.0,3980000,258.0,,,-250.9190216064453,,,,,,,,,0.14835363626480103,0.3,-4.256815433502197,0.740818202495575,0.0004026315436931327,0.0518341064453125,242,-0.0762605294585228,0.0015924638,2.4666368000000004e-05,0.12070144000000001,0.024054744164459407
,3997696,,,,,11275,-286.09161376953125,354,0.0,0.9789494752883912,122,367.09,,,,,,,,,,,,,
0.0,4000000,216.5,,,-247.98129272460938,,,,,,,,,0.137190043926239,0.3,-4.256815433502197,0.740818202495575,0.0005052470514783636,0.0572052001953125,244,-0.07874369621276855,0.0015442593,2.4043776000000003e-05,0.12004608,0.0248271954478696
0.0,4020000,233.7,,,-242.4247283935547,,,,,0.8012905895709992,,,,,,,,,,,,,,,
,4030464,,,,,11373,-272.16241455078125,354,0.0,0.9185118854045868,123,356.64,,,,,,,,,,,,,
0.0,4040000,270.6,,,-266.6001892089844,,,,,,,,,0.14515739679336548,0.3,-4.256815433502197,0.740818202495575,0.0005190838710404932,0.0709686279296875,246,-0.07650754600763321,0.0018068838,2.3421184e-05,0.11939072,0.02942273928783834
0.0,4060000,324.1,,,-279.5263977050781,,,,,0.703163743019104,,,,,,,,,,,,,,,
,4063232,,,,,11484,-289.4776611328125,353,0.0,0.8539342522621155,124,366.67,,,,,,,,,,,,,
0.0,4080000,276.0,,,-277.2397766113281,,,,,,,,,0.16019845008850098,0.3,-4.256815433502197,0.740818202495575,0.0007403944182442501,0.0791015625,248,-0.07617034018039703,0.0019164786,2.2798592e-05,0.11873536000000001,0.026172044221311808
,4096000,,,,,11553,-281.14971923828125,354,0.0,0.843102240562439,125,363.68,,,,,,,,,,,,,
0.0,4100000,224.0,,,-266.9119567871094,,,,,,,,,0.14442014694213867,0.3,-4.256815433502197,0.740818202495575,0.0012541319156298414,0.1000518798828125,250,-0.07854875177145004,0.0021835973,2.2176e-05,0.11808,0.023830850492231548
0.0,4120000,291.9,,,-270.84393310546875,,,,,0.8495772838592529,,,,,,,,,,,,,,,
,4128768,,,,,11650,-274.7676086425781,354,0.01,1.0132634699344636,126,359.99,,,,,,,,,,,,,
0.0,4140000,256.8,,,-248.37838745117188,,,,,,,,,0.1645835041999817,0.3,-4.256815433502197,0.740818202495575,0.0015408302715513855,0.1086883544921875,252,-0.07532843947410583,0.0021677122,2.1553407999999998e-05,0.11742464000000001,0.027400877326726913
0.0,4160000,158.1,,,-242.9301300048828,,,,,0.9136536478996277,,,,,,,,,,,,,,,
,4161536,,,,,11741,-267.8783874511719,354,0.0,0.9180511176586151,127,345.8,,,,,,,,,,,,,
0.0,4180000,225.7,,,-267.2613220214844,,,,,,,,,0.15488183498382568,0.3,-4.256815433502197,0.740818202495575,0.0008061900298343971,0.0925750732421875,254,-0.07332480698823929,0.0021530888,2.0930815999999997e-05,0.11676928,0.03263465757481754
,4194304,,,,,11807,-278.7900695800781,355,0.0,0.8771377623081207,128,359.99,,,,,,,,,,,,,
0.0,4200000,399.0,,,-294.9981384277344,,,,,,,,,0.1486104130744934,0.3,-4.256815433502197,0.740818202495575,0.0012570913313538767,0.0872650146484375,256,-0.07580362260341644,0.0020149294,2.030822400000001e-05,0.11611392000000001,0.025887148454785347
0.0,4220000,289.9,,,-269.4576110839844,,,,,0.9027077674865722,,,,,,,,,,,,,,,
,4227072,,,,,11919,-280.2571716308594,354,0.0,0.8342073261737823,129,356.76,,,,,,,,,,,,,
0.0,4240000,344.5,,,-278.3710632324219,,,,,,,,,0.14172250032424927,0.3,-4.256815433502197,0.740818202495575,0.0008476035800413229,0.0915374755859375,258,-0.0769663006067276,0.002203784,1.9685631999999994e-05,0.11545856,0.02795485279057175
,4259840,,,,,11994,-264.0828552246094,355,0.0,0.8857913792133332,130,334.77,,,,,,,,,,,,,
0.0,4260000,251.4,,,-264.2829284667969,,,,,,,,,0.13722258806228638,0.3,-4.256815433502197,0.740818202495575,0.0008380875078728423,0.0833282470703125,260,-0.07074790447950363,0.0018671749,1.9063040000000006e-05,0.11480320000000001,0.035930399550125
0.0,4280000,292.7,,,-257.32391357421875,,,,,0.7186894059181214,,,,,,,,,,,,,,,
,4292608,,,,,12099,-271.7889709472656,354,0.0,0.913419783115387,131,346.05,,,,,,,,,,,,,
0.0,4300000,161.3,,,-242.2010498046875,,,,,,,,,0.14457833766937256,0.3,-4.256815433502197,0.740818202495575,0.0005449043528642505,0.0920867919921875,262,-0.07632243633270264,0.0019447764,1.8440448000000005e-05,0.11414784,0.03119639097712934
0.0,4320000,219.5,,,-250.2945098876953,,,,,0.9139495313167572,,,,,,,,,,,,,,,
,4325376,,,,,12187,-271.06793212890625,354,0.0,0.8521849036216735,132,352.25,,,,,,,,,,,,,
0.0,4340000,222.1,,,-254.10281372070312,,,,,,,,,0.1400243639945984,0.3,-4.256815433502197,0.740818202495575,0.0007795514538884163,0.0912628173828125,264,-0.07990579307079315,0.0020492477,1.781785599999999e-05,0.11349248,0.024751908495090902
,4358144,,,,,12252,-272.09588623046875,355,0.0,0.8677714109420777,133,353.28,,,,,,,,,,,,,
0.0,4360000,307.5,,,-292.5330810546875,,,,,,,,,0.14593994617462158,0.3,-4.256815433502197,0.740818202495575,0.0013128076971042901,0.09259033203125,266,-0.07887003570795059,0.0019868086,1.7195264000000003e-05,0.11283712000000001,0.02752815547864884
0.0,4380000,236.2,,,-229.7682342529297,,,,,0.8157273292541504,,,,,,,,,,,,,,,
,4390912,,,,,12352,-269.2266845703125,355,0.0,0.8546231985092163,134,356.21,,,,,,,,,,,,,
0.0,4400000,257.1,,,-254.73556518554688,,,,,,,,,0.13894271850585938,0.3,-4.256815433502197,0.740818202495575,0.0004731107474071905,0.102874755859375,268,-0.07776012271642685,0.002015083,1.6572672e-05,0.11218176,0.02983958483673632
0.0,4420000,260.3,,,-259.7370300292969,,,,,0.9273820996284485,,,,,,,,,,,,,,,
,4423680,,,,,12447,-285.3598937988281,355,0.0,0.9831934750080109,135,367.19,,,,,,,,,,,,,
0.0,4440000,275.1,,,-258.1955871582031,,,,,,,,,0.1357945203781128,0.3,-4.256815433502197,0.740818202495575,0.0011568355330382474,0.09979248046875,270,-0.07756084948778152,0.0020382241,1.595008e-05,0.11152640000000001,0.023651615483686328
,4456448,,,,,12516,-285.2810974121094,356,0.0,0.8602963805198669,136,352.82,,,,,,,,,,,,,
0.0,4460000,255.2,,,-268.10516357421875,,,,,,,,,0.12493449449539185,0.3,-4.256815433502197,0.740818202495575,0.0013056798197794706,0.106109619140625,272,-0.07178286463022232,0.002171727,1.5327488e-05,0.11087104,0.03063402872066945
0.0,4480000,281.5,,,-264.6898193359375,,,,,0.968932443857193,,,,,,,,,,,,,,,
,4489216,,,,,12616,-287.10223388671875,355,0.0,0.7875936985015869,137,349.26,,,,,,,,,,,,,
0.0,4500000,271.4,,,-257.1677551269531,,,,,,,,,0.1360330581665039,0.3,-4.256815433502197,0.740818202495575,0.0010245922021567822,0.096710205078125,274,-0.07661285251379013,0.002001927,1.4704896000000011e-05,0.11021568000000001,0.030611897353082895
0.0,4520000,240.2,,,-276.6800231933594,,,,,0.7581816196441651,,,,,,,,,,,,,,,
,4521984,,,,,12721,-284.7332763671875,355,0.0,0.7269818544387817,138,352.21,,,,,,,,,,,,,
0.0,4540000,344.4,,,-283.78948974609375,,,,,,,,,0.15832316875457764,0.3,-4.256815433502197,0.740818202495575,0.0010964701068587601,0.09161376953125,276,-0.07742774486541748,0.0018682275,1.4082303999999997e-05,0.10956032,0.028911590110510588
,4554752,,,,,12794,-278.3853759765625,355,0.0,0.8277103245258332,139,352.35,,,,,,,,,,,,,
0.0,4560000,222.5,,,-261.14410400390625,,,,,,,,,0.1571439504623413,0.3,-4.256815433502197,0.740818202495575,0.0013738829002249986,0.091522216796875,278,-0.07253333926200867,0.0017857449,1.3459711999999995e-05,0.10890496,0.029261708608828485
0.0,4580000,346.7,,,-291.24298095703125,,,,,1.0580905854701996,,,,,,,,,,,,,,,
,4587520,,,,,12898,-279.77703857421875,355,0.0,0.6858472108840943,140,367.07,,,,,,,,,,,,,
0.0,4600000,273.6,,,-271.59478759765625,,,,,,,,,0.15224331617355347,0.3,-4.256815433502197,0.740818202495575,0.0005681628026650287,0.095245361328125,280,-0.07698740065097809,0.0018782845,1.2837120000000008e-05,0.1082496,0.025785097968764603
0.0,4620000,243.3,,,-249.7152557373047,,,,,0.9663989305496216,,,,,,,,,,,,,,,
,4620288,,,,,12995,-271.31268310546875,355,0.0,0.8251531183719635,141,338.99,,,,,,,,,,,,,
0.0,4640000,258.3,,,-257.7218017578125,,,,,,,,,0.10404050350189209,0.3,-4.256815433502197,0.740818202495575,0.001304696335864719,0.099395751953125,282,-0.07640812546014786,0.0019197483,1.2214527999999993e-05,0.10759424000000001,0.03553150058723986
,4653056,,,,,13064,-278.8022155761719,356,0.0,0.8548359215259552,142,371.18,,,,,,,,,,,,,
0.0,4660000,329.8,,,-288.17803955078125,,,,,,,,,0.14655840396881104,0.3,-4.256815433502197,0.740818202495575,0.001012328953947872,0.103118896484375,284,-0.07848269492387772,0.0019823546,1.1591936000000005e-05,0.10693888000000001,0.023584906943142414
0.0,4680000,248.5,,,-279.1109313964844,,,,,0.7768544673919677,,,,,,,,,,,,,,,
,4685824,,,,,13173,-272.2327575683594,355,0.0,0.7691902756690979,143,331.68,,,,,,,,,,,,,
0.0,4700000,236.9,,,-263.8210754394531,,,,,,,,,0.1410287618637085,0.3,-4.256815433502197,0.740818202495575,0.0008817755660857074,0.0985260009765625,286,-0.07344893366098404,0.0018848747,1.0969344000000004e-05,0.10628352,0.03933586459606886
,4718592,,,,,13239,-268.02178955078125,356,0.0,0.8463751375675201,144,328.71,,,,,,,,,,,,,
0.0,4720000,293.4,,,-265.2882385253906,,,,,,,,,0.12423908710479736,0.3,-4.256815433502197,0.740818202495575,0.0010598695080261678,0.09796142578125,288,-0.07337523996829987,0.0018012136,1.0346752000000003e-05,0.10562816000000001,0.04002539929933846
0.0,4740000,271.8,,,-259.15216064453125,,,,,1.0405216336250305,,,,,,,,,,,,,,,
,4751360,,,,,13343,-273.33966064453125,356,0.0,0.7861879825592041,145,342.1,,,,,,,,,,,,,
0.0,4760000,225.1,,,-265.39337158203125,,,,,,,,,0.13008230924606323,0.3,-4.256815433502197,0.740818202495575,0.0015355001960415393,0.0990142822265625,290,-0.07289842516183853,0.0018090579,9.724160000000001e-06,0.1049728,0.03462989744730294
0.0,4780000,327.2,,,-289.6419677734375,,,,,0.9870056927204132,,,,,,,,,,,,,,,
,4784128,,,,,13444,-270.89483642578125,355,0.0,0.9189153492450715,146,345.79,,,,,,,,,,,,,
0.0,4800000,330.4,,,-285.73736572265625,,,,,,,,,0.10610365867614746,0.3,-4.256815433502197,0.740818202495575,0.0011420358350733295,0.1024322509765625,292,-0.073098324239254,0.0019368131,9.101568e-06,0.10431744,0.034356972319073975
,4816896,,,,,13518,-276.2873840332031,356,0.0,0.8503324866294861,147,335.63,,,,,,,,,,,,,
0.0,4820000,364.6,,,-288.1662902832031,,,,,,,,,0.10871583223342896,0.3,-4.256815433502197,0.740818202495575,0.00158689622185193,0.113128662109375,294,-0.07205000519752502,0.0019917334,8.478975999999999e-06,0.10366208,0.03819847456179559
0.0,4840000,330.2,,,-281.3173828125,,,,,0.9201317548751831,,,,,,,,,,,,,,,
,4849664,,,,,13632,-284.9869079589844,355,0.0,0.8093904078006744,148,360.08,,,,,,,,,,,,,
0.0,4860000,285.8,,,-283.2854919433594,,,,,,,,,0.13914251327514648,0.3,-4.256815433502197,0.740818202495575,0.0012786666920874268,0.11163330078125,296,-0.07470031082630157,0.0019175662,7.856383999999998e-06,0.10300672,0.0279191960580647
0.0,4880000,329.2,,,-288.8109130859375,,,,,0.8760704815387725,,,,,,,,,,,,,,,
,4882432,,,,,13742,-280.7452087402344,355,0.0,0.8153247773647309,149,356.36,,,,,,,,,,,,,
0.0,4900000,281.3,,,-277.0432434082031,,,,,,,,,0.1196480393409729,0.3,-4.256815433502197,0.740818202495575,0.001429877185728401,0.106658935546875,298,-0.07479530572891235,0.0018066879,7.2337919999999965e-06,0.10235136,0.032188449054956436
,4915200,,,,,13814,-277.423095703125,355,0.0,0.7406757235527038,150,363.44,,,,,,,,,,,,,
0.0,4920000,186.6,,,-244.1344757080078,,,,,,,,,0.10451453924179077,0.3,-4.256815433502197,0.740818202495575,0.0011200945009477437,0.1010284423828125,300,-0.07479880750179291,0.0017446771,6.611199999999995e-06,0.10169600000000001,0.03060881409328431
0.0,4940000,224.0,,,-257.9941711425781,,,,,0.9934231579303742,,,,,,,,,,,,,,,
,4947968,,,,,13903,-269.3641357421875,355,0.0,0.8136158049106598,151,334.91,,,,,,,,,,,,,
0.0,4960000,290.0,,,-254.28286743164062,,,,,,,,,0.0891108512878418,0.3,-4.256815433502197,0.740818202495575,0.0010198140953434631,0.1035614013671875,302,-0.07481251657009125,0.0017497936,5.9886080000000076e-06,0.10104064000000001,0.03710122359916568
0.0,4980000,330.3,,,-280.3026123046875,,,,,0.9039081871509552,,,,,,,,,,,,,,,
,4980736,,,,,14016,-270.87982177734375,355,0.0,0.8180710732936859,152,328.99,,,,,,,,,,,,,
0.0,5000000,252.8,,,-261.2996520996094,,,,,,,,,0.10730612277984619,0.3,-4.256815433502197,0.740818202495575,0.0012272558014956303,0.1030426025390625,304,-0.07145742326974869,0.0017277714,5.366015999999993e-06,0.10038528000000001,0.041253002593293786
,5013504,,,,,14085,-281.654541015625,355,0.0,0.7908704519271851,153,342.13,,,,,,,,,,,,,
